id_klienta,imie,nazwisko,wiek,plec,wzrost
1,Maggie,Jacobs,76,Female,139
2,Abbey,Marshall,9,Female,192
3,Ron,Dwyer,77,Male,173
4,Mike,Wright,99,Male,139
5,Danny,May,66,Male,176
6,Georgia,Baker,77,Female,150
7,Marvin,Saunders,19,Male,176
8,Eryn,Saunders,38,Female,199
9,Gabriel,Tait,27,Male,188
10,Maxwell,Redfern,88,Male,133
11,Hank,Potts,64,Male,157
12,Mark,Davies,83,Male,183
13,Angelique,Mcneill,97,Female,150
14,Manuel,Ward,82,Male,153
15,Jaylene,Daniells,24,Female,180
16,Camila,Walker,17,Female,132
17,Josh,Vincent,77,Male,164
18,Enoch,Sherry,25,Male,180
19,Barney,Bayliss,8,Male,179
20,Clint,Hepburn,51,Male,141
21,Johnathan,Hunter,9,Male,192
22,Karla,Vangness,56,Female,173
23,Wade,York,48,Male,147
24,Bob,Mcneill,25,Male,171
25,Thea,Fisher,89,Female,149
26,Nathan,Grady,76,Male,182
27,Analise,Miller,75,Female,158
28,Mandy,Cassidy,15,Female,176
29,Kamila,Sawyer,90,Female,155
30,Stacy,Fowler,9,Female,188
31,Stacy,Lindop,96,Female,180
32,Owen,Shea,67,Male,154
33,Chuck,Addison,22,Male,142
34,Greta,Rycroft,94,Female,149
35,Ramon,Gardner,65,Male,198
36,Jane,Willson,17,Female,180
37,Clint,Flack,30,Male,198
38,Selena,Ross,62,Female,185
39,Jack,Saunders,63,Male,132
40,Sarah,Haines,16,Female,176
41,Ronald,Gordon,97,Male,179
42,Valerie,Walsh,81,Female,144
43,Chadwick,Owen,43,Male,195
44,Sydney,Ashwell,83,Female,179
45,Chadwick,Allcott,26,Male,136
46,Iris,Warren,47,Female,161
47,Matthew,Cobb,47,Male,157
48,Deborah,Plumb,42,Female,132
49,Roger,King,78,Male,190
50,Jayden,Ventura,80,Male,151
51,Daniel,Fox,47,Male,143
52,Phillip,Ventura,12,Male,163
53,Julian,Walsh,8,Male,180
54,Zoe,Lambert,47,Female,168
55,Sebastian,Robe,11,Male,190
56,Johnathan,Poulton,68,Male,169
57,Denis,Hale,18,Male,190
58,Aiden,Dickson,67,Male,145
59,Brad,Upsdell,53,Male,167
60,Harvey,Dunbar,9,Male,167
61,Quinn,Whitehouse,41,Female,145
62,Joyce,Leigh,73,Female,179
63,Anabel,Bishop,97,Female,141
64,Aisha,Ellwood,79,Female,193
65,Boris,Mills,67,Male,155
66,Gladys,Franks,75,Female,185
67,Chad,Burnley,96,Male,165
68,Hayden,Allington,10,Male,137
69,Melinda,Watson,17,Female,139
70,Francesca,Calderwood,61,Female,136
71,Phillip,Wright,22,Male,156
72,Sara,Stewart,22,Female,142
73,Luke,Simpson,93,Male,170
74,David,Rixon,26,Male,179
75,Maxwell,Morris,30,Male,166
76,Eve,Bennett,61,Female,178
77,Marjorie,Weatcroft,72,Female,151
78,Francesca,Vincent,10,Female,145
79,Gwenyth,Hunt,30,Female,139
80,Olivia,Saunders,45,Female,146
81,Gloria,Bloom,84,Female,185
82,Emmanuelle,Fields,34,Female,170
83,Britney,Hill,42,Female,176
84,Tony,Andrews,93,Male,162
85,Boris,Pickard,13,Male,153
86,Aileen,Eaton,27,Female,172
87,Daniel,Brooks,18,Male,180
88,Hayden,Fleming,76,Male,174
89,Payton,Vinton,91,Female,189
90,Jayden,Mitchell,65,Male,161
91,Bethany,Notman,10,Female,168
92,Daniel,Matthews,81,Male,166
93,Kamila,Allington,85,Female,146
94,Nick,Fleming,44,Male,141
95,Elijah,Evans,69,Male,143
96,Oliver,Stevenson,79,Male,140
97,Susan,Shields,15,Female,143
98,Brooklyn,Reid,76,Female,193
99,Skylar,Jennson,78,Female,141
100,Chadwick,Price,58,Male,197
101,Paige,Wheeler,49,Female,168
102,Carla,Keys,93,Female,146
103,Abdul,Potter,47,Male,158
104,Johnny,Benfield,52,Male,181
105,Denis,Ingram,19,Male,198
106,Nick,Boyle,74,Male,152
107,Scarlett,Roscoe,36,Female,186
108,Denis,Mcgee,97,Male,130
109,Molly,Mackenzie,24,Female,174
110,Caydence,Griffiths,65,Female,154
111,Percy,Notman,41,Male,155
112,Harvey,Lambert,49,Male,188
113,Ramon,Kidd,92,Male,133
114,Janelle,Uttridge,83,Female,168
115,Nathan,Brooks,30,Male,147
116,Elijah,Coleman,42,Male,158
117,Elijah,Emerson,64,Male,158
118,Tom,Wise,20,Male,147
119,Nicholas,Bingham,47,Male,161
120,Emmanuelle,Richards,22,Female,198
121,Carl,Pratt,62,Male,157
122,Jayden,Ashwell,45,Male,180
123,Marvin,Gibson,27,Male,184
124,Maria,Addis,97,Female,141
125,Luke,White,66,Male,178
126,Tom,Lambert,53,Male,164
127,Keira,Isaac,45,Female,145
128,Makena,Morris,10,Female,180
129,Amelia,Little,63,Female,163
130,Abbey,Hunter,23,Female,143
131,Cecilia,Matthews,72,Female,191
132,Alba,Sylvester,91,Female,135
133,Freya,Patel,66,Female,199
134,Peter,James,65,Male,138
135,Chelsea,Pearce,41,Female,150
136,Marina,Ogilvy,22,Female,149
137,Chester,Upton,65,Male,185
138,Marvin,Chappell,22,Male,132
139,Camellia,Bell,73,Female,173
140,Ivette,Leigh,56,Female,197
141,Clint,Rixon,42,Male,145
142,John,Grant,27,Male,197
143,Bart,Hamilton,78,Male,160
144,Mark,Hudson,54,Male,193
145,Gina,Drew,87,Female,194
146,Gil,Cartwright,13,Male,174
147,Marla,Benson,22,Female,192
148,Bryce,Hammond,15,Female,161
149,Michaela,Cavanagh,16,Female,197
150,Norah,Hepburn,80,Female,135
151,Jules,Osman,16,Female,199
152,Marina,Upsdell,71,Female,194
153,Benny,Roscoe,41,Male,170
154,Daphne,Anderson,96,Female,175
155,Owen,Vinton,95,Male,164
156,Daron,Butler,94,Male,187
157,Melania,Hope,48,Female,188
158,Oliver,Craig,94,Male,145
159,Denny,Denton,60,Male,197
160,Marigold,Lynch,16,Female,187
161,David,Fox,30,Male,154
162,Rowan,Boden,91,Female,167
163,Bart,Owens,52,Male,198
164,Carl,Mackenzie,11,Male,199
165,Noah,Collins,60,Male,164
166,Bart,Preston,53,Male,194
167,Chris,Ashwell,86,Male,142
168,Nicholas,Owens,81,Male,149
169,Alessandra,Scott,24,Female,193
170,Julius,Martin,61,Male,151
171,Erick,Swan,75,Male,142
172,Mavis,Middleton,27,Female,182
173,Naomi,Mcneill,80,Female,158
174,Summer,Bradley,73,Female,194
175,Chris,Evans,9,Male,132
176,Isla,Bentley,16,Female,182
177,John,Rivers,95,Male,168
178,Rick,Hamilton,87,Male,134
179,Tyler,Wright,98,Male,180
180,Owen,Michael,43,Male,182
181,Harry,Campbell,35,Male,167
182,Claire,Corbett,82,Female,183
183,Cedrick,Dickson,12,Male,138
184,Kieth,Faulkner,38,Male,170
185,George,Adams,70,Male,188
186,Aiden,Woodley,37,Male,171
187,Ilona,Widdows,55,Female,138
188,Maya,Jordan,89,Female,187
189,Phillip,Faulkner,94,Male,190
190,Julianna,Ward,58,Female,138
191,Ron,Lewis,32,Male,159
192,Angela,Upsdell,61,Female,138
193,Callie,Woodcock,77,Female,140
194,Emely,Douglas,20,Female,180
195,Boris,Cassidy,57,Male,179
196,Liam,Baldwin,83,Male,189
197,Johnathan,Woodley,75,Male,176
198,Davina,Upton,77,Female,142
199,Carl,Niles,79,Male,158
200,Jack,Butler,42,Male,156
201,Skylar,Hopkins,10,Female,183
202,Freya,James,66,Female,177
203,Carina,Willis,29,Female,142
204,Rihanna,Asher,81,Female,152
205,Josh,Matthews,39,Male,166
206,Phillip,Warner,9,Male,179
207,Gil,Murray,32,Male,158
208,Matthew,Martin,44,Male,158
209,Wendy,Warner,41,Female,136
210,Vivian,Greenwood,29,Female,132
211,Rosalie,Riley,88,Female,135
212,Fred,Hill,33,Male,198
213,Hazel,Savage,59,Female,159
214,Wade,Hooper,41,Male,172
215,Tom,Clark,35,Male,176
216,Liam,Jackson,99,Male,153
217,Noah,Woodley,35,Male,152
218,Bridget,Rowe,46,Female,147
219,Holly,James,30,Female,142
220,Adina,Alldridge,22,Female,157
221,Kieth,Terry,76,Male,147
222,Marvin,Burge,52,Male,138
223,Margaret,Rogan,55,Female,184
224,Danny,Thompson,75,Male,183
225,Erick,Stanton,53,Male,175
226,Camila,Saunders,9,Female,138
227,Elisabeth,Tutton,63,Female,135
228,Hayden,Strong,53,Female,175
229,Georgia,Pope,39,Female,132
230,Jacob,Asher,40,Male,159
231,Harvey,Stone ,54,Male,159
232,Kieth,Clarkson,99,Male,138
233,Marvin,Evans,67,Male,146
234,Adeline,Bailey,94,Female,137
235,Liam,Drake,18,Male,187
236,Hayden,Khan,53,Male,150
237,Harry,Malone,55,Male,146
238,Gil,Ranks,21,Male,147
239,Matt,Benfield,76,Male,141
240,Mya,Ashley,29,Female,157
241,Denis,Olivier,64,Male,160
242,Sabina,Moss,35,Female,133
243,Adalind,Harris,39,Female,156
244,Alan,Warner,84,Male,154
245,Lorraine,Pratt,43,Female,144
246,Chris,Gaynor,19,Male,178
247,Logan,Pitt,95,Male,137
248,Marvin,Spencer,70,Male,146
249,Shannon,Grady,99,Female,192
250,Rowan,Crawford,34,Female,161
251,Maxwell,Notman,8,Male,160
252,Rosie,Corbett,37,Female,140
253,Courtney,Adler,33,Female,166
254,Lucas,Gray,17,Male,141
255,Carter,Jobson,61,Male,179
256,Johnny,Russell,77,Male,156
257,Bart,Rehman,68,Male,161
258,Alexander,Kennedy,85,Male,181
259,Julian,Mooney,68,Male,138
260,Ronald,Horton,58,Male,161
261,Thea,Bradshaw,44,Female,159
262,Luke,Morris,34,Male,182
263,Oliver,Redfern,92,Male,157
264,Nathan,Forth,30,Male,158
265,Denis,Wigley,95,Male,189
266,Juliet,Dunbar,37,Female,138
267,Boris,Shelton,38,Male,158
268,Melania,Thatcher,95,Female,158
269,Cara,London,60,Female,157
270,Rihanna,Kelly,11,Female,197
271,Elena,Davies,16,Female,131
272,Tyson,Fulton,24,Male,146
273,Valentina,Jeffery,71,Female,159
274,Tyler,Sawyer,89,Male,165
275,Felicity,Connor,87,Female,199
276,Davina,Vince,13,Female,172
277,Danny,Nicolas,83,Male,163
278,Catherine,Taylor,81,Female,135
279,Mason,Dale,27,Male,153
280,Alan,Baker,29,Male,131
281,Tiffany,Zaoui,46,Female,197
282,Emery,Egerton,9,Female,182
283,Matthew,Price,49,Male,163
284,Payton,Griffiths,66,Female,151
285,Jayden,Patel,8,Male,198
286,Hazel,Richards,12,Female,189
287,Logan,Morrison,33,Male,192
288,Matthew,Wood,8,Male,181
289,Carrie,Keys,56,Female,148
290,Ron,Kent,22,Male,157
291,Vicky,Porter,87,Female,171
292,Sloane,Kelly,74,Female,151
293,Julia,Carpenter,76,Female,154
294,Alan,Hammond,77,Male,163
295,Gil,Ripley,23,Male,188
296,Michaela,York,61,Female,130
297,Karla,Curtis,11,Female,169
298,Gabriel,Vass,11,Male,196
299,Goldie,Ainsworth,23,Female,196
300,Julian,Lakey,80,Male,154
301,Marvin,Noon,44,Male,169
302,Eduardo,Bennett,18,Male,134
303,Benjamin,Leigh,86,Male,145
304,Oliver,Wren,55,Male,132
305,Javier,Gray,49,Male,135
306,Denis,Ellery,97,Male,168
307,Penelope,Olivier,60,Female,134
308,Lynn,Donnelly,27,Female,190
309,Penelope,Osmond,46,Female,173
310,Rose,Drummond,63,Female,146
311,Chad,Hamilton,19,Male,148
312,Deborah,Haines,97,Female,139
313,Emerald,Ebbs,98,Female,130
314,Denny,Benson,54,Male,165
315,Greta,York,54,Female,151
316,Johnny,Marshall,44,Male,178
317,Benjamin,Adams,31,Male,136
318,Jack,Crawford,39,Male,177
319,Dani,Yarwood,17,Female,163
320,Ron,Hill,82,Male,186
321,Jack,Knott,45,Male,171
322,Celina,Judd,79,Female,139
323,Zara,Niles,91,Female,172
324,Leroy,Campbell,74,Male,155
325,Bryon,Farrant,81,Male,180
326,Jolene,Dowson,51,Female,188
327,Cristal,Holmes,61,Female,174
328,Jacob,Michael,74,Male,188
329,Janice,Middleton,82,Female,149
330,Sofie,Kirby,9,Female,143
331,Henry,Bennett,67,Male,151
332,Sasha,Gibbons,30,Female,171
333,Madison,Neville,53,Female,197
334,Anne,Exton,43,Female,190
335,Allison,Brown,83,Female,147
336,Tess,Veale,73,Female,157
337,Evelynn,Kerr,77,Female,137
338,Rylee,Harrington,76,Female,181
339,Ethan,Harris,18,Male,147
340,Chuck,Barclay,21,Male,132
341,Sharon,Edmonds,63,Female,164
342,Ellen,Kent,44,Female,183
343,Bob,Wade,87,Male,147
344,Phillip,Murray,73,Male,173
345,Goldie,Mcgee,58,Female,147
346,Juliette,Gibson,84,Female,163
347,Jacob,Aldridge,65,Male,139
348,Bernadette,Wigley,96,Female,142
349,Chadwick,Robinson,47,Male,172
350,Kenzie,Boyle,86,Female,189
351,Elisabeth,Edwards,32,Female,159
352,Brad,Wood,57,Male,132
353,Kendra,Haines,28,Female,147
354,Destiny,Uttridge,81,Female,138
355,Parker,Milner,80,Female,182
356,Kurt,Wigley,82,Male,179
357,Greta,Addley,89,Female,182
358,Julius,Nobbs,55,Male,149
359,Nick,Wilde,65,Male,165
360,Olivia,Dallas,41,Female,158
361,Keira,Wright,90,Female,159
362,Shelby,Cooper,8,Female,167
363,Marissa,Alcroft,87,Female,175
364,Javier,Mcleod,80,Male,178
365,Ramon,Wilson,81,Male,158
366,Mark,Mcgregor,99,Male,132
367,Owen,Alexander,74,Male,136
368,Emmanuelle,Clayton,19,Female,136
369,Jacob,Dillon,32,Male,158
370,Destiny,Stevens,45,Female,196
371,Adalie,Cunningham,63,Female,149
372,Marigold,Umney,93,Female,172
373,Leroy,Brown,39,Male,199
374,Doug,Ianson,23,Male,144
375,Clint,Tyrrell,96,Male,197
376,Alan,Thomson,81,Male,188
377,Marla,Trent,64,Female,193
378,Teagan,Murphy,86,Female,138
379,Martin,Wren,72,Male,189
380,Ramon,Knight,98,Male,179
381,Barry,Wilcox,94,Male,199
382,David,Walter,58,Male,189
383,Alexia,Raven,36,Female,175
384,Charlotte,Fall,80,Female,157
385,Owen,Welsch,99,Male,170
386,Daniel,Chester,96,Male,181
387,Daria,Utterson,23,Female,148
388,Audrey,Mason,27,Female,159
389,Chelsea,Dann,12,Female,169
390,Madelyn,Morrow,48,Female,196
391,Amy,Quinnell,18,Female,167
392,Denny,Archer,33,Male,181
393,Cedrick,Bennett,88,Male,162
394,Johnathan,Torres,26,Male,175
395,Maddison,Simpson,47,Female,177
396,Vivian,Durrant,14,Female,151
397,Johnny,Michael,68,Male,132
398,George,Mason,33,Male,132
399,Kamila,Everett,83,Female,153
400,Chester,Hunter,43,Male,151
401,Luke,Adams,31,Male,171
402,Angelica,Anderson,72,Female,132
403,Jazmin,Middleton,28,Female,172
404,Mark,Jackson,94,Male,178
405,Margaret,Wood,88,Female,175
406,Melanie,Dubois,77,Female,196
407,Vanessa,Wallace,62,Female,191
408,Paula,Vaughn,25,Female,177
409,Juliette,Hobbs,8,Female,146
410,Oliver,Williams,32,Male,142
411,Vivian,Morris,47,Female,186
412,Vivian,Parsons,42,Female,164
413,Candace,Andersson,80,Female,132
414,Rosemary,Mullins,74,Female,194
415,Isla,Holmes,58,Female,164
416,Harvey,Lynn,60,Male,138
417,Amelia,Booth,29,Female,185
418,Anabelle,Quinn,94,Female,134
419,Manuel,Gardner,53,Male,167
420,Peter,Potter,30,Male,152
421,Danny,Blackwall,94,Male,153
422,Darlene,Ebbs,45,Female,162
423,Havana,Hill,47,Female,145
424,John,Randall,85,Male,148
425,Iris,Bennett,88,Female,194
426,Audrey,Hunt,55,Female,145
427,Mark,Mooney,98,Male,189
428,Adela,Hall,22,Female,142
429,Meredith,Noach,58,Female,195
430,Tyler,Wild,32,Male,130
431,Camden,Shields,58,Female,171
432,Julius,Lewis,17,Male,142
433,Benjamin,Robinson,70,Male,168
434,Julian,Wright,9,Male,134
435,Erick,Walton,42,Male,148
436,Ronald,Plant,71,Male,177
437,Bart,Tennant,24,Male,172
438,Percy,Lindop,82,Male,130
439,David,May,36,Male,154
440,Carl,Williams,65,Male,147
441,Enoch,Wilkinson,84,Male,141
442,Clarissa,Dubois,74,Female,144
443,Daron,Vernon,11,Male,168
444,Cecilia,Healy,84,Female,173
445,Tyler,Durrant,89,Male,180
446,Angelica,Mcleod,98,Female,146
447,Zara,Gray,28,Female,143
448,Erick,Bradley,63,Male,163
449,Carmen,Hall,97,Female,165
450,Eduardo,Foxley,38,Male,177
451,Henry,Gordon,13,Male,197
452,Penny,Doherty,51,Female,177
453,Elise,Hudson,62,Female,133
454,Hayden,Webster,75,Male,130
455,Ethan,Gosling,92,Male,163
456,Mara,Reyes,72,Female,185
457,Abbey,Snow,65,Female,174
458,Cara,Archer,55,Female,161
459,Maria,Denton,88,Female,165
460,Elijah,Locke,52,Male,157
461,Manuel,Calderwood,44,Male,134
462,Peter,Norman,50,Male,160
463,Lorraine,Farmer,47,Female,136
464,Colleen,Gavin,22,Female,175
465,Isabel,Baker,43,Female,135
466,Barry,Chapman,84,Male,197
467,Maxwell,Noach,87,Male,153
468,Bryce,Willis,91,Female,193
469,Javier,Milner,74,Male,166
470,Hank,Poulton,24,Male,180
471,Lorraine,Gavin,19,Female,177
472,Aleksandra,Alldridge,14,Female,196
473,Jocelyn,Morrow,12,Female,191
474,Sebastian,Martin,18,Male,195
475,Megan,Moore,18,Female,136
476,Owen,Miller,33,Male,153
477,Charlize,Emmott,36,Female,134
478,Jasmine,Garner,19,Female,143
479,Chuck,Blackburn,35,Male,130
480,Adalie,Woodcock,48,Female,148
481,Ron,Lowe,10,Male,197
482,Logan,Goodman,95,Female,183
483,Florence,Vass,36,Female,166
484,Jackeline,Cadman,65,Female,188
485,Melinda,Ellery,95,Female,190
486,Clint,Wade,10,Male,160
487,Sydney,Huggins,61,Female,186
488,Stacy,Reyes,55,Female,141
489,Matt,Cowan,96,Male,145
490,Lexi,Salt,40,Female,185
491,Bart,Addis,58,Male,170
492,Ryan,Tyrrell,72,Male,170
493,Bryce,Matthews,81,Female,170
494,Mark,Veale,96,Male,195
495,Leslie,Todd,81,Female,144
496,Michael,Marshall,37,Male,135
497,Wade,Driscoll,36,Male,138
498,Marilyn,Shaw,10,Female,149
499,Marigold,Gibson,28,Female,193
500,Kirsten,Cobb,93,Female,145
501,Melania,Pitt,73,Female,191
502,Barney,Brett,71,Male,173
503,Adina,Walsh,70,Female,194
504,Rebecca,Stone ,23,Female,166
505,Lucas,Briggs,65,Male,190
506,Matt,Wooldridge,97,Male,188
507,Luna,Rivers,74,Female,160
508,Shelby,Harris,79,Female,184
509,Johnny,Smith,12,Male,135
510,Doug,Ross,71,Male,177
511,Lillian,Stone,25,Female,188
512,Tyson,Hopkinson,72,Male,141
513,Chloe,Snow,91,Female,170
514,Gabriel,Robinson,41,Male,130
515,Tyler,Tate,86,Male,144
516,Analise,Noon,44,Female,170
517,Bart,Butler,23,Male,157
518,Johnathan,Abbey,8,Male,198
519,Doug,London,10,Male,191
520,Jacob,Furnell,79,Male,167
521,Susan,Turner,29,Female,167
522,Marissa,Collins,68,Female,192
523,Noemi,Uddin,24,Female,168
524,Georgia,Walton,48,Female,139
525,Elijah,Quinton,76,Male,172
526,Vicky,Amstead,67,Female,148
527,Roger,Ventura,10,Male,184
528,Camden,Maxwell,21,Female,189
529,Jade,Edwards,65,Female,187
530,Grace,Abbot,25,Female,148
531,Mike,Fall,10,Male,154
532,Matthew,Bailey,68,Male,197
533,Lucas,Ianson,13,Male,186
534,Andie,Bailey,26,Female,155
535,Enoch,Pearson,75,Male,184
536,Maria,Shelton,96,Female,177
537,Mara,Sawyer,42,Female,192
538,Mark,Tyler,41,Male,194
539,Adina,Kerr,10,Female,131
540,Stacy,Robe,78,Female,163
541,Rick,Dubois,81,Male,146
542,Freya,Kerr,57,Female,185
543,William,Taylor,71,Male,164
544,Lindsay,Ripley,66,Female,152
545,Phoebe,Bloom,8,Female,147
546,Violet,Robinson,50,Female,143
547,Nick,Rowlands,60,Male,196
548,Makenzie,Pitt,15,Female,182
549,Ramon,Thornton,54,Male,187
550,Kenzie,Weasley,49,Female,187
551,Carter,Latham,65,Male,169
552,Francesca,Parsons,12,Female,162
553,Ramon,Whitehouse,56,Male,135
554,Alexander,Oldfield,39,Male,151
555,Doris,Funnell,77,Female,160
556,Owen,Roman,30,Male,165
557,Ivette,Gilbert,67,Female,181
558,Boris,Ashwell,90,Male,146
559,Rowan,Stark,45,Female,133
560,Erick,Vallory,78,Male,178
561,Russel,Exton,8,Male,195
562,Natalie,Pearson,98,Female,140
563,Peter,Exton,55,Male,164
564,Rosalee,Kirby,46,Female,196
565,Mark,Hope,57,Male,173
566,Cecilia,Rose,54,Female,158
567,Sloane,Chappell,49,Female,193
568,Erin,Thomson,46,Female,189
569,Alison,Gunn,27,Female,181
570,Chris,Quinnell,9,Male,133
571,Bryon,Young,94,Male,167
572,Jacob,Collingwood,59,Male,182
573,Russel,Cassidy,25,Male,135
574,Hope,Larkin,50,Female,173
575,Christy,Newton,97,Female,147
576,Lily,Silva,39,Female,177
577,Boris,Saunders,35,Male,140
578,Clint,Flett,9,Male,157
579,Makena,Benfield,96,Female,178
580,Gwenyth,Ballard,88,Female,172
581,Audrey,Griffiths,52,Female,198
582,Joseph,Townend,34,Male,131
583,Harvey,Edmonds,65,Male,196
584,Felicity,Ripley,87,Female,163
585,Lucas,Reid,51,Male,176
586,Amelia,Edley,58,Female,165
587,Owen,Hill,39,Male,154
588,Nick,Olivier,73,Male,135
589,Owen,Sloan,93,Male,146
590,Francesca,Pope,99,Female,184
591,Rita,Stewart,96,Female,148
592,Jacob,Dubois,96,Male,178
593,Grace,Fulton,18,Female,181
594,Harvey,Mcgregor,79,Male,159
595,Leslie,Bishop,45,Female,173
596,Carol,Stevens,58,Female,152
597,Morgan,Collins,42,Female,176
598,Leroy,Shields,20,Male,171
599,Gabriel,Plumb,56,Male,139
600,Ada,Norris,31,Female,171
601,Nancy,Roth,22,Female,149
602,Gil,Davies,16,Male,150
603,Audrey,Ripley,72,Female,199
604,Tess,Saunders,41,Female,156
605,Fred,Eaton,58,Male,192
606,Luke,Paterson,45,Male,157
607,Marvin,Buckley,45,Male,147
608,Boris,Olson,9,Male,176
609,Fred,Norris,87,Male,160
610,Helen,Judd,61,Female,130
611,Julianna,Callan,86,Female,131
612,Erin,Bentley,15,Female,153
613,Dalia,Saunders,38,Female,189
614,Sloane,Strong,87,Female,159
615,Willow,Douglas,29,Female,139
616,Sage,Stevenson,55,Female,176
617,Wendy,Gilmour,59,Female,159
618,Logan,Sherwood,56,Male,143
619,Cynthia,Redden,55,Female,169
620,Vicky,Bailey,53,Female,132
621,Christine,Brock,31,Female,190
622,Eduardo,Burnley,91,Male,166
623,Sebastian,Tutton,54,Male,150
624,Vera,Logan,72,Female,179
625,Aiden,Watt,75,Male,183
626,Harvey,Eastwood,14,Male,198
627,Marie,Malone,85,Female,163
628,Adalie,Paterson,89,Female,167
629,Benny,Rothwell,34,Male,152
630,Havana,Taylor,30,Female,169
631,Nicholas,Knight,91,Male,143
632,Angel,Shaw,93,Female,170
633,Hayden,Upton,73,Male,160
634,Denis,Harris,82,Male,191
635,Kurt,London,86,Male,130
636,Alan,John,95,Male,141
637,Oliver,Rodwell,51,Male,136
638,Fred,Summers,73,Male,194
639,Marvin,Graves,62,Male,178
640,Fred,Tennant,64,Male,131
641,Rufus,Thompson,82,Male,185
642,Logan,Simpson,87,Female,171
643,Ryan,Hunt,65,Male,155
644,Matthew,Morrow,18,Male,135
645,Jacob,Farmer,79,Male,172
646,Sabina,Bryson,16,Female,131
647,Celia,Dale,75,Female,179
648,Chelsea,Andrews,67,Female,173
649,Rebecca,Townend,87,Female,179
650,Bart,Strong,43,Male,170
651,Ada,Knight,94,Female,155
652,Sharon,Newton,34,Female,141
653,Liliana,Briggs,61,Female,140
654,Percy,Uttley,46,Male,192
655,Valentina,Lewis,48,Female,148
656,Leroy,Kerr,23,Male,149
657,Ivette,Patel,12,Female,134
658,Roger,Kelly,50,Male,175
659,Javier,Mills,80,Male,194
660,Bryon,Wooldridge,83,Male,190
661,Kieth,Gibbons,99,Male,181
662,Chad,Chapman,87,Male,151
663,Benjamin,Holmes,11,Male,151
664,Joy,Calderwood,48,Female,142
665,Darlene,Buckley,94,Female,174
666,Ethan,John,65,Male,145
667,Chadwick,Lane,53,Male,186
668,Johnathan,Roman,99,Male,136
669,Leanne,Skinner,64,Female,160
670,Rocco,Farrow,70,Male,193
671,Denny,Stone,99,Male,158
672,Angelique,Walton,71,Female,178
673,Daphne,Avery,9,Female,142
674,Cassandra,Khan,48,Female,147
675,Julian,Leslie,11,Male,196
676,Caleb,Curtis,96,Male,186
677,Gabriel,Miller,24,Male,135
678,Ada,Hunter,61,Female,199
679,Lynn,Robinson,93,Female,135
680,Abdul,Kaur,55,Male,186
681,Kurt,Edmonds,89,Male,151
682,Juliette,Vollans,59,Female,157
683,Lucas,Graham,15,Male,171
684,Remy,Oswald,9,Female,168
685,Shay,Ellwood,30,Female,166
686,Bob,Ashwell,42,Male,155
687,Sylvia,Yates,35,Female,180
688,Clint,Verdon,9,Male,177
689,Carla,Mason,85,Female,189
690,Chadwick,Walton,92,Male,158
691,Kendra,Parr,40,Female,160
692,Vivian,Irving,48,Female,186
693,Johnny,Purvis,83,Male,161
694,Meredith,Edler,77,Female,169
695,Maya,Edley,58,Female,159
696,Danny,Farmer,40,Male,136
697,Enoch,Anderson,64,Male,150
698,Alexander,Patel,80,Male,168
699,Chad,John,44,Male,185
700,Cecilia,Armstrong,71,Female,176
701,Russel,Norburn,24,Male,182
702,Aiden,Oatway,52,Male,138
703,Josh,Sinclair,96,Male,140
704,Leah,Buckley,16,Female,176
705,Lucy,Cattell,30,Female,152
706,Mike,Gilmore,68,Male,169
707,Bree,Waterson,48,Female,165
708,Morgan,Kirby,40,Female,166
709,Hank,Simmons,8,Male,149
710,Johnathan,Hall,87,Male,185
711,Clint,Lewis,61,Male,169
712,Peter,Russell,95,Male,187
713,Celia,Carter,10,Female,162
714,Cameron,Addis,78,Female,130
715,Tom,Darcy,15,Male,139
716,Mabel,Wellington,18,Female,165
717,Henry,Wilson,55,Male,185
718,Johnny,Mcgee,63,Male,159
719,Charlotte,Ebden,75,Female,173
720,Johnathan,Garner,34,Male,171
721,Julius,Emmett,93,Male,151
722,Percy,Archer,64,Male,155
723,Moira,Chadwick,15,Female,174
724,Mark,Furnell,11,Male,160
725,Owen,Cadman,10,Male,149
726,Lindsay,Ashwell,69,Female,192
727,Michael,Bowen,69,Male,175
728,Michael,Marshall,89,Male,145
729,Denis,Addley,92,Male,156
730,Bernadette,Stone,55,Female,195
731,Marvin,Santos,67,Male,193
732,Marjorie,Wilde,19,Female,183
733,Chadwick,Reid,56,Male,157
734,Liv,Huggins,43,Female,154
735,Gabriel,Greenwood,9,Male,151
736,Dalia,Morris,82,Female,150
737,Alexander,Faulkner,41,Male,130
738,Peter,Irving,67,Male,192
739,Vicky,Buckley,41,Female,132
740,Johnny,Clifton,60,Male,174
741,Anthony,Vinton,40,Male,193
742,Alba,Wilton,60,Female,180
743,Kurt,Forth,16,Male,196
744,Lexi,Mitchell,77,Female,155
745,Amy,Mackenzie,50,Female,175
746,Rylee,Russell,30,Female,196
747,Barry,Roberts,73,Male,197
748,Tom,Lewis,82,Male,169
749,Jenna,Morris,79,Female,167
750,Melinda,Farrell,91,Female,144
751,Hailey,Gregory,77,Female,174
752,Sasha,Button,21,Female,172
753,Ember,Yarwood,10,Female,168
754,Doug,Daniells,46,Male,148
755,Erick,Flett,56,Male,173
756,Alexander,Lee,33,Male,171
757,Raquel,Downing,50,Female,171
758,Hayden,Gray,90,Female,186
759,Blake,Graves,91,Female,172
760,Cassidy,Pope,83,Female,143
761,Carl,Davies,13,Male,166
762,Shay,Reynolds,32,Female,165
763,Gladys,Clarke,37,Female,181
764,Leroy,Weasley,54,Male,130
765,Ryan,Nicholls,10,Male,148
766,Tyler,Tailor,78,Male,131
767,Harvey,Robertson,86,Male,139
768,Luke,Hopkinson,75,Male,188
769,Chuck,Clark,56,Male,155
770,Rocco,Hale,67,Male,135
771,Melania,Clifford,99,Female,136
772,Alexander,Bristow,79,Male,180
773,William,Middleton,39,Male,161
774,Esmeralda,Brennan,39,Female,199
775,Kurt,Rodwell,79,Male,151
776,Sloane,Nobbs,12,Female,198
777,Ryan,Gaynor,40,Male,163
778,Gabriel,Varley,31,Male,192
779,Melody,Needham,83,Female,131
780,Ramon,Harris,26,Male,139
781,Maribel,Evans,41,Female,135
782,Eden,Addison,40,Female,155
783,Camden,Cattell,79,Female,143
784,Lynn,Rose,28,Female,177
785,Eduardo,Watson,19,Male,167
786,Dakota,Reid,38,Female,184
787,Erick,Chester,56,Male,155
788,Cynthia,Mackenzie,55,Female,193
789,Bart,Salt,56,Male,177
790,Matthew,Thatcher,16,Male,136
791,Leanne,Isaac,98,Female,175
792,Owen,Salt,55,Male,156
793,Maria,Tobin,55,Female,134
794,Irene,Niles,35,Female,141
795,Boris,Wilson,24,Male,174
796,Rick,Carson,91,Male,146
797,Christine,Roman,37,Female,144
798,Rihanna,Jobson,47,Female,195
799,Matthew,Simpson,80,Male,132
800,Ryan,Quinnell,24,Male,155
801,Carmen,Bryant,23,Female,161
802,Josephine,Brooks,17,Female,161
803,Jasmine,Needham,88,Female,144
804,Sloane,Woodley,8,Female,152
805,Marvin,Graves,83,Male,134
806,Alexander,Johnson,28,Male,178
807,Brooklyn,Hunter,56,Female,132
808,Sebastian,Crawley,49,Male,199
809,Rachael,Mcgregor,84,Female,196
810,Winnie,Woodcock,31,Female,161
811,Chanelle,Franks,22,Female,176
812,Sebastian,Neville,25,Male,149
813,Marla,Knott,41,Female,171
814,Jayden,Waterhouse,30,Male,184
815,Jacob,Cavanagh,25,Male,192
816,Lara,Flanders,22,Female,145
817,Michael,Devonport,60,Male,134
818,Stella,Douglas,16,Female,152
819,Maribel,Simmons,89,Female,139
820,Eileen,Murray,63,Female,166
821,Carissa,Williams,91,Female,189
822,Hazel,Murray,22,Female,182
823,Rufus,Rainford,78,Male,178
824,Liliana,Herbert,57,Female,177
825,Johnny,Durrant,41,Male,153
826,Tyler,Coleman,83,Male,131
827,Mark,Willis,12,Male,186
828,Luke,Needham,69,Male,176
829,Paula,Foxley,39,Female,189
830,Katelyn,Allen,34,Female,176
831,Phoebe,Chapman,9,Female,175
832,Hazel,Dixon,18,Female,182
833,Rosa,Wigley,36,Female,143
834,Morgan,Wright,59,Female,179
835,Paula,Hamilton,30,Female,164
836,Drew,Gibbons,37,Female,193
837,Greta,Wills,29,Female,144
838,Maria,Morris,23,Female,192
839,Roger,Haines,37,Male,174
840,Miley,Rust,24,Female,139
841,Luke,Grant,31,Male,192
842,Tania,Overson,44,Female,173
843,George,Neville,51,Male,165
844,Leroy,Ianson,47,Male,153
845,Hadley,Redfern,28,Female,153
846,Cristal,Watt,36,Female,171
847,Phillip,Marshall,32,Male,146
848,Rylee,Rose,15,Female,195
849,Rufus,Long,56,Male,154
850,Emmanuelle,Hunter,69,Female,158
851,Carmella,Nurton,16,Female,173
852,Marissa,Stanley,25,Female,198
853,Quinn,Mcgee,98,Female,168
854,Adelaide,Welsch,41,Female,189
855,Denny,Rodwell,8,Male,130
856,Bob,Lowe,87,Male,172
857,Eryn,Wood,14,Female,139
858,Ilona,Taylor,50,Female,155
859,Eduardo,Morgan,23,Male,184
860,Sonya,Morrow,25,Female,141
861,John,Yarlett,66,Male,181
862,Chadwick,Russell,42,Male,170
863,Benny,Reyes,53,Male,181
864,Tyson,Wren,77,Male,162
865,Julian,King,44,Male,161
866,Ronald,Miller,51,Male,167
867,Carla,Watt,54,Female,194
868,Ramon,Nobbs,42,Male,162
869,Josephine,Mcnally,58,Female,184
870,Matthew,Lee,59,Male,170
871,Lucas,Morrow,21,Male,184
872,Jack,Grady,40,Male,158
873,David,Rehman,20,Male,175
874,Johnathan,Stuart,11,Male,186
875,Mike,Gordon,44,Male,188
876,Meredith,Lewis,78,Female,147
877,Benjamin,Sawyer,41,Male,187
878,Michael,Underhill,77,Male,164
879,Chuck,Osman,99,Male,190
880,Macy,Holmes,51,Female,148
881,Ronald,Hewitt,22,Male,190
882,Rick,Tyler,55,Male,155
883,Anthony,Harris,67,Male,196
884,Marjorie,Kelly,93,Female,157
885,Karen,Lewis,29,Female,137
886,Ethan,Matthews,69,Male,197
887,Johnny,Spencer,10,Male,167
888,Claire,Ogilvy,43,Female,149
889,Nick,Fleming,95,Male,153
890,Jack,Irving,69,Male,168
891,Henry,Adams,73,Male,152
892,Andie,Wilkinson,77,Female,146
893,Liam,Michael,16,Male,193
894,Kamila,Reid,9,Female,143
895,Domenic,Baker,47,Male,169
896,Margot,Little,57,Female,156
897,Stella,Mills,23,Female,147
898,Domenic,Stanton,43,Male,177
899,Jazmin,Shaw,72,Female,157
900,Angelica,Mitchell,79,Female,185
901,Gwen,Benson,44,Female,184
902,Noemi,Andrews,71,Female,150
903,Matthew,Grey,42,Male,178
904,Dasha,Ellis,92,Female,163
905,Owen,Janes,86,Male,194
906,Erick,Thorne,55,Male,172
907,Brooklyn,Mitchell,82,Female,182
908,Madelyn,Yarlett,89,Female,199
909,George,Yarwood,36,Male,139
910,Hayden,Utterson,57,Female,182
911,Tony,Reese,52,Male,180
912,Bernadette,Lewis,34,Female,183
913,Hayden,Knight,59,Female,170
914,Aiden,Amstead,40,Male,133
915,Henry,Townend,63,Male,176
916,Carina,Foxley,30,Female,148
917,Bryce,Ainsworth,37,Female,131
918,Maxwell,Redden,16,Male,156
919,Daniel,Rainford,48,Male,165
920,Henry,Moran,70,Male,146
921,Anthony,Watson,66,Male,160
922,Chad,Hill,47,Male,190
923,Carl,Eastwood,56,Male,142
924,Grace,Zaoui,30,Female,138
925,Marvin,Cadman,45,Male,151
926,Bryon,Rycroft,10,Male,155
927,Valentina,Knight,97,Female,141
928,Kate,Judd,34,Female,197
929,Julius,Bright,61,Male,161
930,Judith,Salt,92,Female,168
931,Jack,Robinson,17,Male,144
932,Katelyn,Reyes,81,Female,170
933,Phillip,Harris,34,Male,139
934,Fiona,Benson,66,Female,155
935,Candice,Nanton,92,Female,157
936,Tyler,Wilkinson,94,Male,187
937,Liam,Spencer,22,Male,190
938,Michael,Ross,85,Male,157
939,Chris,Purvis,69,Male,191
940,Hank,Becker,12,Male,130
941,Destiny,Upton,53,Female,164
942,Matthew,Moreno,90,Male,157
943,Maribel,Wills,21,Female,166
944,William,Upton,91,Male,183
945,Cedrick,Faulkner,15,Male,197
946,Anne,Wright,15,Female,145
947,Naomi,Richardson,66,Female,140
948,Alex,Bishop,23,Female,170
949,Jasmine,Chapman,85,Female,143
950,Matt,Lindop,32,Male,153
951,Adeline,Devonport,58,Female,186
952,Grace,Watt,28,Female,197
953,Willow,Moore,89,Female,155
954,Phillip,Blackburn,35,Male,130
955,Rick,Vincent,49,Male,146
956,Benny,Santos,97,Male,177
957,Aisha,Franks,21,Female,174
958,Sharon,Duvall,69,Female,145
959,Barney,Saunders,8,Male,131
960,Carmen,Rowan,39,Female,188
961,Daron,Thomas,18,Male,182
962,Alan,Bailey,20,Male,178
963,Caitlyn,Taylor,66,Female,160
964,Ilona,Simpson,70,Female,199
965,Denis,Steer,91,Male,178
966,Sadie,Uttley,58,Female,137
967,Percy,Thomson,37,Male,157
968,Sebastian,Raven,34,Male,186
969,Francesca,Brennan,51,Female,170
970,Wade,Farrant,88,Male,167
971,Charlize,Plumb,89,Female,173
972,Leanne,Fulton,19,Female,196
973,Chloe,Utterson,61,Female,187
974,Anthony,Gordon,34,Male,165
975,Joyce,Power,56,Female,131
976,Josh,Parr,36,Male,164
977,Joseph,Doherty,43,Male,169
978,Phillip,Butler,36,Male,184
979,Rosemary,Nicholls,45,Female,193
980,Chadwick,Benson,81,Male,134
981,Gil,Alexander,44,Male,199
982,Josephine,Ward,56,Female,149
983,Harry,Hale,31,Male,163
984,Carissa,Woods,33,Female,160
985,Peter,Vallins,38,Male,150
986,Jayden,Bolton,83,Male,173
987,Ronald,Andrews,58,Male,171
988,Gabriel,Bell,91,Male,150
989,Russel,Ogilvy,57,Male,153
990,Adela,Forth,36,Female,184
991,Tara,Phillips,69,Female,144
992,Percy,Gonzales,67,Male,191
993,Jack,Robertson,83,Male,196
994,Carter,Owen,72,Male,140
995,Tom,Farrell,97,Male,167
996,Clint,Hobbs,66,Male,147
997,Rylee,Windsor,59,Female,154
998,Aileen,Utterson,63,Female,157
999,Norah,Abbot,22,Female,175
1000,Adela,Trent,57,Female,136
1001,Matt,Callan,30,Male,194
1002,Tyson,Chapman,30,Male,151
1003,Rita,Noach,67,Female,178
1004,Elijah,Griffiths,14,Male,156
1005,Jacob,Radcliffe,80,Male,148
1006,Paige,Smith,90,Female,193
1007,John,Kerr,17,Male,132
1008,Christy,Oatway,56,Female,167
1009,Kendra,Dowson,97,Female,175
1010,Cynthia,Faulkner,58,Female,182
1011,Marla,Rosenbloom,64,Female,167
1012,Tyler,Dyson,16,Male,194
1013,Gabriel,Lindsay,48,Male,168
1014,Gwen,Varndell,38,Female,182
1015,Oliver,Adams,67,Male,138
1016,Isabella,Selby,18,Female,163
1017,Mabel,Tyrrell,40,Female,140
1018,Renee,Simpson,24,Female,156
1019,Shay,Ellery,38,Female,155
1020,Julian,Leigh,83,Male,134
1021,Chadwick,Moran,24,Male,154
1022,Fred,Mcgee,60,Male,176
1023,Carl,Edley,9,Male,169
1024,Kieth,Thomas,61,Male,137
1025,Carina,Salt,42,Female,152
1026,Evelynn,Parsons,85,Female,141
1027,Tyler,Flanders,59,Male,160
1028,Gabriel,Booth,50,Male,196
1029,Renee,Jeffery,96,Female,162
1030,Liv,Plumb,67,Female,154
1031,Gladys,Crawford,68,Female,150
1032,Eve,Devonport,52,Female,132
1033,Jayden,Nielson,9,Male,132
1034,Jacqueline,Taylor,86,Female,197
1035,Kieth,Groves,98,Male,183
1036,Jules,Vollans,21,Female,143
1037,Dakota,Wood,92,Female,192
1038,Wade,Callan,62,Male,178
1039,Logan,Abbot,33,Male,175
1040,Cynthia,Seymour,27,Female,173
1041,Peyton,Abbey,60,Female,193
1042,Daniel,Marshall,81,Male,160
1043,Chuck,Emmott,20,Male,161
1044,David,Campbell,99,Male,175
1045,Destiny,Mackenzie,28,Female,153
1046,Rosalie,Potter,79,Female,131
1047,Gabriel,Walker,10,Male,198
1048,Carmella,Calderwood,44,Female,185
1049,Elijah,Shields,71,Male,190
1050,Benjamin,Vernon,92,Male,134
1051,Tom,Barrett,94,Male,180
1052,Ema,Spencer,32,Female,145
1053,Payton,Sylvester,19,Female,189
1054,Bob,Camden,25,Male,172
1055,Chadwick,Jones,90,Male,177
1056,Lucas,Chappell,55,Male,163
1057,Chris,Santos,16,Male,186
1058,Maddison,Antcliff,26,Female,140
1059,Alma,Cox,87,Female,136
1060,Matthew,Lloyd,53,Male,156
1061,Beatrice,Higgs,99,Female,158
1062,Penny,Dallas,26,Female,136
1063,Mya,Wise,18,Female,184
1064,Danny,Norburn,74,Male,189
1065,Leanne,Dyson,34,Female,155
1066,Jacob,Bradshaw,57,Male,198
1067,Carissa,Owens,99,Female,164
1068,Rosalee,Johnson,96,Female,156
1069,William,Spencer,35,Male,152
1070,Charlize,Verdon,76,Female,166
1071,Angelica,Cobb,59,Female,191
1072,Domenic,Woodcock,82,Male,196
1073,Dorothy,Watt,11,Female,179
1074,Esmeralda,Lomax,93,Female,153
1075,David,Gregory,19,Male,137
1076,Allison,Thorne,64,Female,186
1077,Ron,Eagle,31,Male,167
1078,Aiden,Tailor,74,Male,135
1079,Logan,Wellington,39,Female,180
1080,Javier,Robinson,66,Male,177
1081,Clint,Rose,42,Male,160
1082,Lynn,Plumb,57,Female,186
1083,Russel,Russel,97,Male,164
1084,Eileen,Long,8,Female,191
1085,Naomi,Ellwood,8,Female,181
1086,Kirsten,Graham,56,Female,186
1087,Erica,Irving,73,Female,174
1088,Jack,Rothwell,85,Male,170
1089,Zoe,Ellery,13,Female,193
1090,Kurt,Jones,84,Male,150
1091,Dorothy,Andrews,60,Female,174
1092,Chuck,Walsh,56,Male,167
1093,Chris,Rixon,81,Male,180
1094,Chloe,Kennedy,87,Female,170
1095,Alexia,Kaur,90,Female,176
1096,Ronald,Russell,37,Male,150
1097,Celina,Hepburn,69,Female,190
1098,Jane,Underhill,62,Female,197
1099,Isabel,Radley,67,Female,151
1100,Charlize,Shaw,83,Female,136
1101,David,Bayliss,39,Male,139
1102,Gemma,Larkin,24,Female,133
1103,Noah,Neville,90,Male,183
1104,Kate,Dann,50,Female,188
1105,Erick,Osman,34,Male,170
1106,Taylor,Bullock,12,Female,180
1107,Alan,Whitmore,78,Male,173
1108,Mackenzie,Vollans,54,Female,154
1109,Goldie,Tanner,85,Female,196
1110,Jules,Wood,86,Female,150
1111,Selena,Moran,26,Female,141
1112,Clint,Parsons,14,Male,133
1113,Carter,Murray,42,Male,145
1114,Harry,Harris,44,Male,141
1115,Manuel,Marshall,33,Male,180
1116,Emery,Nielson,52,Female,130
1117,Kieth,Stewart,73,Male,169
1118,Chad,Warren,81,Male,144
1119,Winnie,Zaoui,46,Female,175
1120,Chuck,Addis,63,Male,173
1121,Angelica,Cameron,73,Female,160
1122,Emely,Lloyd,39,Female,149
1123,Harmony,Umney,22,Female,153
1124,Daniel,Cooper,14,Male,147
1125,Phillip,Gordon,39,Male,158
1126,Leroy,Kent,20,Male,139
1127,Laila,Brown,50,Female,154
1128,Zara,Norman,24,Female,174
1129,Luke,Weasley,56,Male,168
1130,Belinda,Ballard,36,Female,153
1131,Winnie,Bradley,21,Female,148
1132,Johnny,Hogg,78,Male,151
1133,Kurt,Smith,69,Male,159
1134,Barney,Harrison,80,Male,165
1135,Rick,Preston,96,Male,199
1136,Danny,Kennedy,18,Male,132
1137,Cassidy,Lindsay,94,Female,175
1138,Aleksandra,Wright,23,Female,167
1139,Anthony,Sanchez,49,Male,154
1140,Sonya,Rodwell,16,Female,170
1141,Kurt,Casey,49,Male,160
1142,Enoch,Stone ,20,Male,192
1143,Percy,Flynn,12,Male,172
1144,Joseph,Jobson,42,Male,169
1145,Elly,Bradshaw,43,Female,145
1146,Phillip,Wigley,51,Male,173
1147,Matthew,Whitehouse,85,Male,190
1148,Maia,Quinnell,56,Female,140
1149,Logan,Lakey,55,Male,162
1150,Doug,Jenkins,29,Male,177
1151,Laila,Squire,20,Female,147
1152,Leslie,Freeburn,13,Female,189
1153,Nathan,Burge,18,Male,153
1154,Bart,Selby,35,Male,192
1155,Molly,Veale,84,Female,174
1156,Oliver,Jones,82,Male,159
1157,Moira,Bennett,79,Female,143
1158,Miriam,Judd,81,Female,163
1159,Rowan,Lucas,88,Female,187
1160,Carol,Edwards,43,Female,188
1161,Joseph,Benson,89,Male,172
1162,Dani,Addison,75,Female,138
1163,Matthew,Drummond,58,Male,135
1164,Mike,Walsh,36,Male,157
1165,Meredith,Mould,12,Female,143
1166,Hank,Robertson,24,Male,142
1167,Matthew,Jobson,77,Male,136
1168,Logan,Lunt,68,Male,197
1169,Molly,Dann,45,Female,184
1170,Kenzie,Rees,65,Female,137
1171,Carter,Kaur,38,Male,154
1172,Marvin,Richards,93,Male,194
1173,Shelby,Ward,92,Female,195
1174,Hadley,Grady,93,Female,163
1175,Clint,Edwards,74,Male,141
1176,Eden,Hunter,88,Female,192
1177,Vivian,Gonzales,63,Female,158
1178,Remy,Yarlett,15,Female,136
1179,Lindsay,Salt,36,Female,188
1180,Kurt,Higgs,95,Male,150
1181,Cedrick,Wise,32,Male,185
1182,Analise,Parker,13,Female,179
1183,Susan,Silva,61,Female,168
1184,David,Norman,29,Male,160
1185,Danielle,Richards,88,Female,147
1186,Hanna,Palmer,52,Female,139
1187,Brad,Fowler,30,Male,136
1188,Joseph,Atkinson,17,Male,154
1189,Meredith,Wood,12,Female,132
1190,Bryce,Windsor,41,Female,156
1191,Erin,Connell,52,Female,168
1192,Ivy,Reynolds,10,Female,138
1193,Elijah,Rees,17,Male,140
1194,Jessica,Ripley,10,Female,144
1195,Leroy,Johnson,49,Male,185
1196,Sebastian,Wheeler,45,Male,166
1197,Bree,Powell,17,Female,163
1198,Caitlyn,Robinson,33,Female,150
1199,Aileen,Tutton,84,Female,175
1200,Jacob,Hepburn,32,Male,165
1201,Abdul,Palmer,49,Male,181
1202,Chadwick,Knott,74,Male,199
1203,Mason,Lindop,98,Male,167
1204,Eden,Mackenzie,92,Female,157
1205,Daron,Stanley,73,Male,161
1206,Denny,Victor,51,Male,138
1207,Catherine,Larkin,83,Female,194
1208,Henry,Payne,92,Male,195
1209,Lindsay,Todd,64,Female,135
1210,Faith,Gilmour,89,Female,169
1211,Bart,Reid,93,Male,139
1212,Kamila,Simpson,31,Female,150
1213,Rocco,Bell,13,Male,171
1214,Cassandra,Lee,73,Female,170
1215,Matthew,Selby,23,Male,153
1216,Ciara,Nicolas,26,Female,162
1217,Ellen,Knight,42,Female,198
1218,Kate,Herbert,22,Female,185
1219,Peter,Fulton,55,Male,172
1220,Sylvia,Hancock,33,Female,172
1221,Maribel,Oakley,59,Female,163
1222,Eden,Kirby,61,Female,132
1223,Cassidy,Veale,68,Female,159
1224,Felicity,Vincent,95,Female,161
1225,Rufus,Phillips,50,Male,155
1226,Abdul,Watson,16,Male,170
1227,Peter,Fowler,68,Male,149
1228,Chad,Ebbs,42,Male,163
1229,Monica,Rixon,24,Female,136
1230,Hope,Hopkinson,35,Female,181
1231,Raquel,Cattell,74,Female,146
1232,Mike,Andersson,28,Male,144
1233,Erick,Simpson,64,Male,178
1234,George,Gibbons,85,Male,199
1235,Cadence,Stubbs,96,Female,167
1236,Carter,Lambert,12,Male,143
1237,Grace,Eddison,28,Female,189
1238,Andrea,Booth,52,Female,131
1239,Barney,Martin,77,Male,135
1240,Janice,Corbett,35,Female,132
1241,William,Antcliff,8,Male,166
1242,Harry,Bolton,73,Male,149
1243,Abdul,Ralph,8,Male,133
1244,Hank,Redwood,91,Male,150
1245,Sabina,Neal,78,Female,143
1246,Johnathan,Camden,72,Male,154
1247,Jolene,Flanders,37,Female,195
1248,Chris,Ebbs,92,Male,168
1249,Michaela,York,12,Female,190
1250,Nathan,Wilson,18,Male,180
1251,Harry,Hammond,18,Male,195
1252,Monica,Whatson,82,Female,198
1253,Denis,Glass,29,Male,150
1254,Luke,Morgan,13,Male,151
1255,William,Mcneill,12,Male,167
1256,Nate,Porter,79,Male,166
1257,Rick,Wild,57,Male,166
1258,Aeris,Jackson,47,Female,150
1259,Margaret,Watson,98,Female,148
1260,Manuel,Davies,19,Male,170
1261,Nicholas,Weatcroft,35,Male,143
1262,Shelby,Shields,58,Female,170
1263,Jayden,Thatcher,13,Male,182
1264,Denny,Eaton,32,Male,142
1265,Rita,Hewitt,8,Female,169
1266,Lara,Whittle,33,Female,147
1267,Luke,Villiger,19,Male,181
1268,Sebastian,Camden,66,Male,130
1269,Aurelia,Nelson,8,Female,198
1270,Margot,Russell,32,Female,172
1271,Mayleen,Tailor,87,Female,153
1272,Marvin,Farrow,62,Male,194
1273,Jane,Chapman,80,Female,130
1274,Danny,Garner,13,Male,168
1275,Mavis,Ebden,36,Female,135
1276,Gladys,Yang,79,Female,130
1277,Ronald,Rixon,61,Male,158
1278,Alex,Spencer,62,Female,149
1279,Sasha,Powell,13,Female,148
1280,Rhea,Dwyer,62,Female,130
1281,Chuck,Dallas,11,Male,143
1282,Ryan,Ballard,65,Male,158
1283,Johnathan,Murray,21,Male,183
1284,Russel,King,97,Male,197
1285,Charlize,Moore,25,Female,193
1286,Marie,Logan,50,Female,156
1287,Holly,Bright,90,Female,134
1288,Fred,Lloyd,34,Male,151
1289,Noah,Mann,40,Male,154
1290,Percy,Mitchell,95,Male,148
1291,John,Harvey,96,Male,142
1292,Ally,Patel,98,Female,152
1293,Benny,Russel,13,Male,148
1294,Roger,Hancock,54,Male,187
1295,Michael,Rose,84,Male,155
1296,Kaylee,Hall,23,Female,189
1297,Hope,Powell,90,Female,162
1298,Carter,Lee,62,Male,169
1299,Clarissa,Radley,75,Female,170
1300,Maria,Roberts,10,Female,142
1301,Nathan,Edwards,84,Male,137
1302,Ethan,Cox,53,Male,137
1303,Rosalee,Raven,20,Female,154
1304,Luke,Andersson,36,Male,182
1305,Catherine,Gaynor,64,Female,174
1306,Camden,Vaughan,82,Female,177
1307,Quinn,Jackson,20,Female,188
1308,Caleb,Collins,48,Male,134
1309,Clint,Edmonds,66,Male,168
1310,Kieth,Norton,75,Male,197
1311,Rufus,Bristow,46,Male,174
1312,Nick,Goodman,38,Male,139
1313,Hazel,Tait,73,Female,149
1314,Chadwick,Butler,44,Male,199
1315,Sharon,Thorne,94,Female,171
1316,Sebastian,Reynolds,41,Male,197
1317,Maddison,Underhill,40,Female,199
1318,Fiona,Murray,38,Female,132
1319,Eduardo,Harrison,35,Male,175
1320,Lexi,Hopkinson,71,Female,159
1321,Julius,Swan,83,Male,194
1322,Ron,Brooks,98,Male,179
1323,Luke,Lloyd,25,Male,187
1324,Paula,Neal,72,Female,146
1325,Sienna,Ainsworth,62,Female,148
1326,Peter,Tanner,51,Male,139
1327,Alexander,Leslie,47,Male,195
1328,Rick,Ranks,52,Male,169
1329,Logan,Ingham,66,Male,157
1330,Crystal,Keys,14,Female,158
1331,Adela,Gregory,69,Female,135
1332,Candice,Beal,45,Female,193
1333,Maxwell,York,69,Male,180
1334,Daniel,Vincent,72,Male,130
1335,Liam,Tate,50,Male,146
1336,Tiffany,Sanchez,63,Female,140
1337,Ivette,Seymour,36,Female,199
1338,Tess,Gregory,62,Female,189
1339,Bridget,Rossi,65,Female,165
1340,Anthony,Rigg,15,Male,172
1341,Alma,Hale,75,Female,191
1342,Maxwell,Sanchez,30,Male,141
1343,Bob,Stevenson,92,Male,185
1344,Daphne,Quinton,59,Female,165
1345,Doris,Chappell,92,Female,188
1346,Amy,Walsh,56,Female,145
1347,Kimberly,Kirby,26,Female,174
1348,Dakota,Hamilton,47,Female,178
1349,Maribel,Thomson,8,Female,182
1350,Barney,Morris,78,Male,160
1351,Destiny,Flack,62,Female,133
1352,Tyler,Doherty,13,Male,147
1353,Fred,Hamilton,45,Male,180
1354,Elijah,Lyon,72,Male,165
1355,Denny,Cadman,80,Male,169
1356,Nancy,Forester,67,Female,168
1357,Ema,Harvey,33,Female,199
1358,Chester,Evans,62,Male,161
1359,Rylee,Horton,27,Female,192
1360,Kurt,Jones,61,Male,167
1361,Marigold,Glynn,37,Female,147
1362,Alison,Raven,54,Female,149
1363,Marina,Hill,21,Female,167
1364,Domenic,Bell,23,Male,186
1365,Gloria,Franks,88,Female,193
1366,Nancy,Vangness,36,Female,195
1367,Chris,Evans,21,Male,147
1368,Laila,Coates,71,Female,176
1369,Javier,Mann,38,Male,144
1370,Monica,Matthews,33,Female,177
1371,Oliver,Sherwood,17,Male,194
1372,Destiny,Nicolas,51,Female,158
1373,Grace,Blackburn,81,Female,193
1374,Marina,Oakley,73,Female,142
1375,Callie,Gordon,12,Female,169
1376,Miriam,Oakley,73,Female,165
1377,Aisha,Murray,41,Female,183
1378,Kate,Dixon,54,Female,164
1379,Johnathan,Oswald,87,Male,187
1380,Kenzie,Jennson,57,Female,164
1381,Ramon,Kennedy,54,Male,173
1382,Jack,Walter,78,Male,158
1383,Javier,Edler,99,Male,156
1384,Aiden,Yard,8,Male,138
1385,Daron,Lane,94,Male,139
1386,Aileen,Everett,87,Female,176
1387,Roger,Bailey,36,Male,181
1388,Kenzie,Lynn,20,Female,170
1389,Carter,Rodgers,85,Male,172
1390,Luke,Reid,66,Male,199
1391,Hanna,Lakey,59,Female,149
1392,Ron,Brooks,61,Male,132
1393,Nicole,Collins,46,Female,197
1394,Josh,Nielson,35,Male,191
1395,Russel,Rose,64,Male,167
1396,Jacob,Higgs,75,Male,140
1397,Alan,Sylvester,21,Male,174
1398,Ramon,Archer,99,Male,154
1399,Irene,Martin,90,Female,171
1400,Ivette,Tobin,78,Female,130
1401,Keira,Allen,72,Female,173
1402,Carter,Shepherd,52,Male,198
1403,Gemma,Stubbs,40,Female,156
1404,Aeris,Morrow,40,Female,175
1405,Bethany,Todd,99,Female,139
1406,Bryon,Lucas,69,Male,156
1407,Phillip,Jennson,37,Male,147
1408,Claire,Norton,28,Female,155
1409,Margaret,Emerson,96,Female,154
1410,Alexa,Morris,53,Female,190
1411,Chad,Larsen,29,Male,199
1412,Miriam,Collins,59,Female,151
1413,Benjamin,Nash,10,Male,140
1414,Percy,Thorpe,15,Male,136
1415,Paula,Mccormick,47,Female,154
1416,Matt,Stevenson,40,Male,137
1417,Angelina,Pond,62,Female,198
1418,Maddison,Slater,24,Female,144
1419,Hanna,Hunt,79,Female,147
1420,Dasha,Corbett,17,Female,188
1421,Abdul,Rixon,67,Male,188
1422,Skylar,Ripley,49,Female,173
1423,Camellia,Coleman,38,Female,147
1424,Peter,Richardson,35,Male,145
1425,Caydence,Mason,11,Female,134
1426,Anthony,Miller,96,Male,147
1427,Boris,Asher,95,Male,198
1428,Erin,Baldwin,28,Female,196
1429,Vanessa,Villiger,86,Female,136
1430,Hank,Herbert,51,Male,161
1431,Chuck,Wade,45,Male,130
1432,Tania,Judd,84,Female,197
1433,Summer,Hunt,15,Female,150
1434,John,Ebden,67,Male,169
1435,Cherish,Yard,15,Female,194
1436,Harvey,Rogers,56,Male,143
1437,Aisha,Umney,75,Female,132
1438,Carmen,Logan,46,Female,160
1439,Danny,Welsch,84,Male,191
1440,Oliver,Dowson,49,Male,150
1441,Jacob,Eagle,49,Male,145
1442,Joseph,Wilde,19,Male,146
1443,Joseph,Mccormick,28,Male,168
1444,Leroy,Purvis,75,Male,163
1445,Darlene,Whatson,73,Female,136
1446,Martha,Russell,64,Female,157
1447,Carl,James,96,Male,188
1448,Mason,Cooper,44,Male,146
1449,Ramon,Buckley,57,Male,163
1450,Percy,Gregory,75,Male,159
1451,Mason,Richards,60,Male,173
1452,Enoch,Addis,18,Male,196
1453,Tyson,Jenkins,76,Male,174
1454,Mabel,Broomfield,63,Female,153
1455,Diane,Richards,17,Female,184
1456,Barney,Bishop,26,Male,156
1457,Valerie,Chapman,96,Female,176
1458,Leroy,Mason,61,Male,175
1459,Priscilla,Murphy,49,Female,148
1460,Mike,Talbot,16,Male,162
1461,Jacqueline,Mould,16,Female,150
1462,Madison,Harvey,85,Female,183
1463,Nicole,Fall,24,Female,136
1464,Chuck,Ward,80,Male,193
1465,Manuel,Dunbar,71,Male,185
1466,Emery,Cunningham,23,Female,145
1467,Alessandra,Parsons,34,Female,189
1468,Ivette,Lakey,43,Female,192
1469,Nathan,Khan,28,Male,132
1470,Phoebe,Weldon,98,Female,196
1471,Sloane,Blythe,13,Female,132
1472,Rosa,Furnell,92,Female,197
1473,Alessia,Richards,17,Female,157
1474,Alan,Bentley,42,Male,146
1475,Clarissa,Ward,22,Female,154
1476,Drew,Clark,53,Female,150
1477,Dakota,Turner,63,Female,173
1478,Crystal,Saunders,60,Female,192
1479,Taylor,Overson,35,Female,146
1480,Mason,Eddison,88,Male,197
1481,Makena,Dickson,83,Female,172
1482,Cara,Gilbert,15,Female,147
1483,Evelynn,Simmons,79,Female,155
1484,Cynthia,Oldfield,13,Female,147
1485,Jocelyn,Webster,59,Female,171
1486,Candace,Wilson,71,Female,157
1487,Mabel,Gallacher,42,Female,159
1488,Destiny,Quinnell,24,Female,134
1489,Enoch,Jacobs,40,Male,138
1490,Matt,Camden,92,Male,143
1491,Rose,Moss,63,Female,164
1492,Gil,Robertson,9,Male,183
1493,Josh,Palmer,85,Male,195
1494,Raquel,Appleton,9,Female,142
1495,Barry,Lee,82,Male,166
1496,Caleb,Owen,64,Male,184
1497,Barney,Russell,57,Male,164
1498,Morgan,Todd,31,Female,181
1499,Hayden,Wright,98,Male,139
1500,Clint,Vollans,11,Male,150
1501,Aiden,Nicolas,64,Male,185
1502,Nancy,Murray,53,Female,148
1503,Carol,Faulkner,23,Female,195
1504,Johnny,Hobbs,55,Male,138
1505,Camila,Mitchell,87,Female,152
1506,Abbey,Price,78,Female,156
1507,Jaylene,Wilson,67,Female,188
1508,Callie,Farrant,42,Female,132
1509,Nate,Richards,94,Male,178
1510,Sara,Thomson,95,Female,132
1511,Jackeline,Radcliffe,73,Female,162
1512,David,Richards,54,Male,183
1513,Miley,Abbot,63,Female,173
1514,Shannon,Penn,80,Female,181
1515,Ellen,Yarwood,44,Female,170
1516,Juliette,Olson,28,Female,172
1517,Ramon,Oakley,78,Male,130
1518,Abdul,Shaw,69,Male,146
1519,Daria,Oatway,90,Female,146
1520,Celina,Stevenson,19,Female,172
1521,Kurt,Nicholls,82,Male,150
1522,Chad,Drew,28,Male,188
1523,Carl,Swan,42,Male,188
1524,Alan,Vernon,65,Male,176
1525,Carolyn,Woodley,39,Female,163
1526,Felicity,Dickson,21,Female,158
1527,Alexander,Farrow,36,Male,186
1528,Adina,James,13,Female,195
1529,Josephine,Richardson,49,Female,170
1530,Aleksandra,Torres,56,Female,178
1531,Denis,Chapman,94,Male,185
1532,Julian,Bishop,91,Male,150
1533,Felicity,Bingham,90,Female,193
1534,Rick,Santos,51,Male,149
1535,Liam,Radcliffe,62,Male,142
1536,Mark,Rose,46,Male,174
1537,Kirsten,Eddison,83,Female,151
1538,Estrella,Wallace,77,Female,139
1539,Angela,Shaw,40,Female,166
1540,Lillian,Carter,63,Female,132
1541,Alba,John,80,Female,147
1542,Ciara,Simmons,17,Female,194
1543,Peyton,Durrant,64,Female,155
1544,Carmella,Reynolds,75,Female,147
1545,Hailey,Shaw,24,Female,130
1546,Bryon,Fields,71,Male,152
1547,Camden,Skinner,53,Female,158
1548,Mya,Rust,31,Female,147
1549,Javier,Ward,14,Male,189
1550,Elijah,Plumb,28,Male,197
1551,Makena,Trent,45,Female,174
1552,Rowan,Keys,90,Female,150
1553,Robyn,Allen,77,Female,132
1554,Matthew,Reid,59,Male,163
1555,Tony,Adams,55,Male,177
1556,Liliana,Hill,36,Female,181
1557,Ciara,Calderwood,44,Female,177
1558,Francesca,Ranks,65,Female,130
1559,Lucy,Cunningham,33,Female,133
1560,Liam,Marshall,25,Male,183
1561,Bart,Groves,68,Male,141
1562,Enoch,Windsor,78,Male,179
1563,Belinda,Watson,94,Female,162
1564,Julianna,Lynch,31,Female,177
1565,Mandy,Cadman,41,Female,142
1566,Bob,Roberts,13,Male,175
1567,Sebastian,Buckley,28,Male,143
1568,Benny,Terry,53,Male,142
1569,Phoebe,Tennant,15,Female,190
1570,David,Norris,8,Male,139
1571,Amelia,Shaw,82,Female,163
1572,Chester,Ellis,43,Male,157
1573,Liam,Clifton,96,Male,173
1574,Liv,Sylvester,47,Female,169
1575,Carl,Murphy,20,Male,195
1576,Julia,Price,44,Female,145
1577,Elijah,Vallins,65,Male,193
1578,Rick,Gaynor,84,Male,145
1579,Selena,Addis,30,Female,141
1580,Carl,Silva,31,Male,161
1581,Ryan,Haines,87,Male,195
1582,Jacqueline,Jennson,54,Female,131
1583,Adalie,Boden,79,Female,182
1584,Percy,Mackenzie,27,Male,186
1585,George,Purvis,92,Male,167
1586,Lucy,Keys,58,Female,144
1587,Amelia,Utterson,57,Female,172
1588,Martin,Nicolas,85,Male,163
1589,Julius,Price,45,Male,182
1590,Rosa,Saunders,91,Female,132
1591,Lucas,Fenton,70,Male,161
1592,Gil,Shepherd,8,Male,166
1593,Angelica,Shaw,41,Female,155
1594,Analise,Wooldridge,15,Female,147
1595,Catherine,Ward,62,Female,182
1596,Darlene,Garcia,98,Female,138
1597,Dalia,Butler,65,Female,168
1598,Helen,Wright,59,Female,173
1599,Percy,Scott,27,Male,170
1600,Jayden,Richards,40,Male,186
1601,Barney,Powell,65,Male,149
1602,Angelina,Lindop,52,Female,191
1603,Savannah,Michael,42,Female,132
1604,Cedrick,Morrison,38,Male,197
1605,Luke,Rodwell,22,Male,192
1606,Mason,Huggins,42,Male,134
1607,Aiden,Garner,83,Male,195
1608,Julius,Gunn,76,Male,134
1609,Julian,Ellis,44,Male,152
1610,Marvin,Lane,9,Male,197
1611,Martin,Radcliffe,52,Male,177
1612,Erick,Downing,8,Male,163
1613,Nicholas,Herbert,11,Male,182
1614,Jacob,Franks,12,Male,140
1615,Mark,Hopkinson,80,Male,199
1616,Jazmin,Mitchell,63,Female,139
1617,Abdul,Needham,15,Male,146
1618,Martha,Dixon,84,Female,192
1619,Harriet,Hewitt,92,Female,138
1620,Aeris,Windsor,73,Female,165
1621,Priscilla,Pope,96,Female,147
1622,Josh,Davies,99,Male,152
1623,Rachael,Addley,20,Female,140
1624,Joseph,Knott,59,Male,181
1625,Allison,Kennedy,88,Female,168
1626,Karla,Gibbons,43,Female,199
1627,Cara,Doherty,69,Female,132
1628,Valerie,Whatson,75,Female,177
1629,Lana,Miller,85,Female,140
1630,Ron,Ashwell,57,Male,140
1631,Teagan,Reid,16,Female,173
1632,Peter,Cann,45,Male,184
1633,George,Robinson,40,Male,157
1634,Hadley,Robinson,13,Female,170
1635,Daron,Addis,73,Male,142
1636,Jack,Robertson,75,Male,181
1637,Marvin,Tobin,28,Male,171
1638,Mara,Marshall,44,Female,195
1639,Abdul,Stone ,8,Male,188
1640,Russel,Darcy,34,Male,169
1641,Sydney,Jennson,18,Female,181
1642,Caleb,Bentley,69,Male,142
1643,Ron,Foxley,83,Male,188
1644,Ramon,Thompson,94,Male,164
1645,Harry,Wise,35,Male,179
1646,Liam,Mcleod,80,Male,166
1647,Katelyn,Freeburn,57,Female,133
1648,Henry,Cooper,23,Male,197
1649,Jade,Whinter,64,Female,180
1650,Norah,Whinter,74,Female,144
1651,Karla,Butler,72,Female,151
1652,Sasha,Craig,44,Female,157
1653,Abdul,Parr,70,Male,192
1654,Caitlyn,Olivier,84,Female,134
1655,Ivy,Vincent,72,Female,175
1656,Caitlyn,Powell,36,Female,157
1657,Rocco,Ramsey,33,Male,178
1658,Erica,Ogilvy,44,Female,144
1659,Cherish,Bentley,90,Female,174
1660,Penelope,Alcroft,50,Female,179
1661,Bart,Richardson,58,Male,185
1662,Matt,Morris,86,Male,170
1663,Martin,Willson,94,Male,191
1664,Clint,Ranks,71,Male,186
1665,Susan,Broomfield,40,Female,165
1666,Bart,Murray,99,Male,156
1667,Elijah,Harvey,71,Male,149
1668,Miriam,Williams,83,Female,141
1669,Martin,Rodgers,16,Male,149
1670,Fred,Locke,54,Male,188
1671,Tyler,Coates,68,Male,139
1672,Maxwell,Potter,87,Male,190
1673,Cedrick,Freeburn,18,Male,172
1674,Jack,Ellery,70,Male,136
1675,Jennifer,Yard,77,Female,140
1676,Maria,Grey,9,Female,196
1677,Jasmine,Patel,85,Female,165
1678,Kaylee,Glynn,22,Female,199
1679,Barry,Nicolas,28,Male,190
1680,Brad,Uttley,24,Male,136
1681,Kurt,Williams,64,Male,177
1682,Ronald,Tailor,60,Male,147
1683,Ramon,Smith,64,Male,158
1684,Daron,Walsh,24,Male,162
1685,Bryon,Cunningham,12,Male,164
1686,Erick,Bennett,18,Male,163
1687,Mike,Plant,45,Male,133
1688,Maxwell,Flack,83,Male,179
1689,Barney,Saunders,71,Male,191
1690,Mike,Baxter,14,Male,198
1691,Carter,Walter,67,Male,151
1692,Jayden,Steer,71,Male,164
1693,Oliver,Blythe,28,Male,186
1694,Leroy,Rogers,52,Male,145
1695,Chester,Chapman,37,Male,136
1696,Daniel,Parr,30,Male,149
1697,Maxwell,Ripley,80,Male,167
1698,Kieth,Farrell,52,Male,170
1699,Logan,Hopkinson,98,Male,149
1700,Kieth,Andrews,50,Male,169
1701,Mya,Willis,8,Female,179
1702,Jolene,Barclay,85,Female,139
1703,Madelyn,Woodcock,98,Female,155
1704,Matt,Griffiths,13,Male,180
1705,Johnathan,Donovan,97,Male,194
1706,Cedrick,Bell,90,Male,133
1707,Oliver,Saunders,77,Male,170
1708,Emma,Roscoe,37,Female,138
1709,Jamie,Dwyer,27,Female,139
1710,Rick,Khan,32,Male,151
1711,Anabel,Burge,77,Female,197
1712,Jack,Partridge,47,Male,149
1713,Colleen,Lucas,14,Female,174
1714,Johnny,Vaughn,16,Male,150
1715,Aiden,Larsen,92,Male,165
1716,Jayden,Collis,69,Male,196
1717,Marvin,Irwin,79,Male,145
1718,Freya,Verdon,84,Female,178
1719,Kimberly,Todd,57,Female,132
1720,Alma,Steer,86,Female,174
1721,Javier,Zaoui,96,Male,140
1722,Carina,Dale,83,Female,131
1723,Elijah,Drake,83,Male,187
1724,Chuck,Atkinson,54,Male,137
1725,Erin,Roberts,27,Female,190
1726,Madelyn,Harrison,21,Female,134
1727,Danny,May,90,Male,139
1728,Kassandra,Ventura,46,Female,135
1729,Victoria,Roth,33,Female,198
1730,Leroy,Fenton,39,Male,144
1731,Alex,Dyson,90,Female,134
1732,Adelaide,Gilbert,10,Female,181
1733,Erin,Varndell,56,Female,132
1734,Martin,Weston,92,Male,196
1735,Christy,Cobb,27,Female,182
1736,Luke,Graham,63,Male,198
1737,Bart,Robinson,23,Male,199
1738,Daniel,Brown,28,Male,148
1739,Russel,Knight,59,Male,148
1740,Maia,Cameron,40,Female,156
1741,Rick,Williams,48,Male,175
1742,Chelsea,Neal,25,Female,166
1743,Julian,Brett,68,Male,155
1744,Mason,Edwards,73,Male,179
1745,Noah,Ward,57,Male,164
1746,Peter,Vaughn,24,Male,198
1747,Chad,Stone ,76,Male,188
1748,Rose,Holmes,23,Female,181
1749,Vicky,Jennson,25,Female,153
1750,Mina,Mullins,83,Female,175
1751,Domenic,Shepherd,18,Male,145
1752,Daron,Davies,14,Male,170
1753,Alex,Gavin,53,Female,185
1754,Vicky,Sloan,29,Female,141
1755,Alan,Phillips,73,Male,178
1756,Caitlyn,Nicolas,71,Female,193
1757,Michael,Hooper,57,Male,184
1758,Sofie,Weldon,66,Female,197
1759,Carrie,Hope,46,Female,163
1760,Russel,Hewitt,27,Male,167
1761,Mavis,Crawford,96,Female,167
1762,Nicholas,Potter,51,Male,166
1763,Luke,Watson,12,Male,143
1764,Ilona,Richardson,73,Female,168
1765,Noemi,Irwin,62,Female,171
1766,Leroy,Notman,35,Male,194
1767,Kendra,Calderwood,22,Female,190
1768,Rowan,Khan,81,Female,161
1769,Enoch,Mills,88,Male,142
1770,Harvey,Taylor,65,Male,198
1771,Carter,Darcy,24,Male,183
1772,Owen,Andrews,34,Male,132
1773,Mark,Williams,25,Male,148
1774,Christy,Carson,39,Female,136
1775,Doug,Young,57,Male,142
1776,Chuck,Ryan,85,Male,144
1777,Matt,Gibbons,79,Male,188
1778,Kieth,Anderson,33,Male,162
1779,Darlene,Wigley,77,Female,199
1780,Luke,Cowan,41,Male,176
1781,John,Ring,28,Male,163
1782,Kassandra,Eyres,38,Female,165
1783,Alan,Evans,10,Male,151
1784,Kate,Farrell,12,Female,166
1785,Marvin,Jones,58,Male,130
1786,Regina,Herbert,26,Female,179
1787,Harvey,James,84,Male,198
1788,Anais,Nelson,81,Female,155
1789,Maddison,Drummond,35,Female,191
1790,Alexa,Warner,35,Female,146
1791,Eduardo,Potts,89,Male,181
1792,Valerie,Reese,89,Female,163
1793,Iris,Farrant,52,Female,169
1794,Gloria,Healy,98,Female,173
1795,Stacy,Allcott,31,Female,150
1796,Chanelle,Osmond,42,Female,189
1797,Adelaide,Roman,79,Female,141
1798,Clint,Rowlands,65,Male,175
1799,Fred,Kennedy,84,Male,147
1800,Charlize,Healy,24,Female,160
1801,Carissa,Clifford,48,Female,152
1802,Johnny,Kelly,43,Male,184
1803,Fiona,Wilde,65,Female,175
1804,Jessica,Rixon,82,Female,149
1805,Jamie,Hill,29,Female,169
1806,Aleksandra,Vallory,21,Female,151
1807,Hadley,Tait,75,Female,149
1808,Leroy,Robinson,98,Male,133
1809,Alexander,Whinter,20,Male,180
1810,Allison,King,92,Female,135
1811,Amy,Hill,68,Female,152
1812,Rocco,Thorne,40,Male,140
1813,Rocco,Chapman,46,Male,155
1814,Jazmin,Fleming,40,Female,136
1815,Carter,Jarvis,97,Male,132
1816,Angelique,Emmott,87,Female,189
1817,Abdul,Foxley,15,Male,132
1818,Wade,Silva,66,Male,186
1819,Noemi,Price,21,Female,155
1820,Carrie,Campbell,37,Female,158
1821,Barney,Richards,72,Male,173
1822,Alexander,Chester,80,Male,173
1823,Morgan,Collins,62,Female,159
1824,Marvin,Woodcock,59,Male,134
1825,Ilona,Grant,93,Female,147
1826,Michael,Sheldon,54,Male,187
1827,Rick,Jackson,57,Male,172
1828,Daron,Ellis,49,Male,146
1829,Hayden,Buckley,73,Male,181
1830,Luke,Eagle,42,Male,193
1831,Melania,Bright,77,Female,199
1832,Carter,Cork,82,Male,159
1833,Nathan,Lindop,89,Male,170
1834,Aiden,Stubbs,78,Male,168
1835,Payton,Murphy,22,Female,179
1836,Sonya,Addis,77,Female,187
1837,Alison,Lee,81,Female,184
1838,Marina,Sheldon,18,Female,130
1839,Angelique,Adler,66,Female,147
1840,Manuel,Wallace,89,Male,132
1841,Logan,Devonport,98,Male,182
1842,Kieth,Gaynor,58,Male,178
1843,Peter,Healy,22,Male,150
1844,Andrea,Wren,21,Female,167
1845,Ramon,Ellery,64,Male,134
1846,Mark,Utterson,27,Male,138
1847,Carrie,Connor,20,Female,197
1848,Gladys,Russel,96,Female,174
1849,Sienna,Sherry,49,Female,160
1850,Carina,Dubois,82,Female,145
1851,Eduardo,Bennett,45,Male,159
1852,Penelope,Blackwall,68,Female,175
1853,Caleb,Hastings,16,Male,130
1854,Henry,Jackson,53,Male,198
1855,Goldie,Latham,61,Female,147
1856,Benjamin,Parker,53,Male,174
1857,Carl,Morley,92,Male,144
1858,Norah,Niles,98,Female,179
1859,Josh,Dowson,79,Male,190
1860,Tony,Baxter,28,Male,188
1861,Roger,Addis,33,Male,136
1862,Roger,Benson,43,Male,163
1863,Jayden,Neville,50,Male,153
1864,Alice,Matthews,41,Female,154
1865,Benny,Shelton,77,Male,156
1866,Michael,Saunders,54,Male,143
1867,Alexander,Morris,98,Male,184
1868,Payton,Fox,64,Female,152
1869,Dasha,Dale,50,Female,166
1870,Chuck,Tyrrell,55,Male,182
1871,Alessandra,Jordan,65,Female,184
1872,Chester,Vernon,62,Male,168
1873,Daniel,Payne,98,Male,141
1874,Bob,Todd,73,Male,189
1875,Jacob,Ventura,66,Male,171
1876,Rocco,Mooney,77,Male,177
1877,Moira,Ebbs,80,Female,197
1878,Chris,Howard,27,Male,158
1879,Henry,Wigley,76,Male,171
1880,Chadwick,Rogers,35,Male,141
1881,Georgia,Vernon,18,Female,150
1882,Henry,Owen,83,Male,173
1883,Wendy,Rees,52,Female,144
1884,Luke,Warden,83,Male,155
1885,Meredith,Glynn,17,Female,168
1886,Jennifer,Lindsay,35,Female,172
1887,Chris,Lowe,70,Male,168
1888,Hank,Garcia,70,Male,182
1889,Elly,Page ,43,Female,170
1890,Boris,Richardson,40,Male,183
1891,Matthew,Sherry,49,Male,131
1892,Domenic,Bingham,66,Male,173
1893,Elijah,Power,25,Male,161
1894,Rose,Weasley,39,Female,173
1895,Hanna,Dixon,51,Female,165
1896,Irene,Appleton,45,Female,172
1897,Anthony,Hopkinson,73,Male,176
1898,Anne,Rogers,66,Female,144
1899,Sebastian,Jackson,63,Male,144
1900,Hayden,Vallins,8,Male,131
1901,Roger,Williams,30,Male,153
1902,Rose,Reese,49,Female,162
1903,Emma,Palmer,83,Female,132
1904,Ilona,Isaac,73,Female,173
1905,Tom,Driscoll,50,Male,172
1906,Lindsay,Slater,47,Female,132
1907,Raquel,Collins,31,Female,182
1908,Henry,Mcgee,87,Male,185
1909,Rosalyn,Kent,96,Female,165
1910,Mina,Johnson,90,Female,139
1911,Aiden,Vaughan,19,Male,153
1912,Eden,Rothwell,50,Female,171
1913,Samara,Exton,62,Female,190
1914,Johnny,Yoman,44,Male,176
1915,Phillip,Shea,33,Male,147
1916,Alan,Walter,54,Male,143
1917,Freya,Ebden,66,Female,133
1918,Leroy,Rehman,93,Male,142
1919,Roger,Rainford,33,Male,181
1920,Raquel,Stone,84,Female,142
1921,Lorraine,Shaw,13,Female,162
1922,Josh,Barclay,79,Male,191
1923,Janelle,Owens,34,Female,164
1924,Chester,Pierce,78,Male,176
1925,Rick,Jobson,95,Male,154
1926,Mona,Hope,14,Female,184
1927,Ivette,Wright,36,Female,178
1928,Abdul,Alexander,32,Male,147
1929,Rufus,Dempsey,32,Male,191
1930,Benjamin,Burnley,21,Male,196
1931,Carolyn,Shaw,37,Female,193
1932,Angelica,Moran,40,Female,163
1933,Ryan,Lyon,43,Male,197
1934,Alexander,Roth,75,Male,144
1935,Daphne,Whitehouse,47,Female,173
1936,Maddison,Weasley,75,Female,134
1937,Hank,Gordon,85,Male,137
1938,Leroy,Bradshaw,42,Male,155
1939,Olivia,Avery,73,Female,138
1940,Madison,Hunter,97,Female,143
1941,Sage,Morgan,20,Female,197
1942,Rhea,Wallace,13,Female,135
1943,Roger,Rodwell,86,Male,135
1944,Bridget,Ramsey,19,Female,148
1945,Christine,Boyle,41,Female,136
1946,Maya,Ashley,29,Female,170
1947,Nate,Utterson,52,Male,157
1948,Johnathan,Sloan,34,Male,139
1949,Sofie,Palmer,56,Female,176
1950,Mark,Todd,37,Male,188
1951,Martin,White,68,Male,154
1952,Nicholas,Newman,57,Male,193
1953,Brad,Stewart,36,Male,199
1954,Chuck,Tennant,76,Male,171
1955,Brooklyn,Ellis,73,Female,138
1956,Bristol,Allcott,24,Female,182
1957,Chuck,Drake,51,Male,189
1958,Julianna,Potts,61,Female,196
1959,Natalie,Graham,50,Female,193
1960,Nate,Pope,76,Male,176
1961,Kieth,Saunders,57,Male,138
1962,Kirsten,Ballard,9,Female,166
1963,Carolyn,Warner,43,Female,193
1964,Matt,Partridge,40,Male,169
1965,Ron,Hope,58,Male,133
1966,Daron,Daniells,46,Male,171
1967,Iris,Wren,71,Female,171
1968,Josh,Preston,33,Male,195
1969,Analise,Gregory,41,Female,133
1970,Julius,Crawford,9,Male,180
1971,Noah,Holt,83,Male,196
1972,Peter,Donnelly,81,Male,152
1973,David,Sheldon,88,Male,194
1974,Bart,Drummond,42,Male,154
1975,Percy,Thornton,88,Male,182
1976,Leroy,Maxwell,38,Male,145
1977,Jessica,Stone ,96,Female,136
1978,Winnie,Blythe,77,Female,189
1979,Dalia,Simmons,31,Female,142
1980,Hazel,Kerr,96,Female,159
1981,Lauren,Brennan,79,Female,189
1982,Clint,Durrant,68,Male,130
1983,Carol,Rycroft,9,Female,152
1984,Dorothy,Hancock,54,Female,191
1985,Chester,Reyes,58,Male,161
1986,Carmen,Wood,93,Female,195
1987,Anabelle,Jackson,32,Female,130
1988,Michelle,Roscoe,45,Female,178
1989,Harry,Ebbs,58,Male,175
1990,Bernadette,Stevens,42,Female,146
1991,Tyler,Ellis,77,Male,149
1992,Owen,Bolton,47,Male,152
1993,Grace,Power,63,Female,144
1994,Carter,Weasley,25,Male,138
1995,Erick,Ross,77,Male,150
1996,Alice,Gilbert,16,Female,136
1997,Maria,Bennett,50,Female,132
1998,Mina,Woodley,21,Female,182
1999,Barry,Eagle,82,Male,166
2000,Amy,Holt,69,Female,164
2001,Juliet,Kent,8,Female,181
2002,Noah,Burnley,96,Male,130
2003,Johnathan,Carpenter,49,Male,155
2004,Alexander,Hudson,86,Male,193
2005,David,Brooks,69,Male,166
2006,Michael,Campbell,73,Male,196
2007,Nathan,Wild,69,Male,175
2008,Danielle,Calderwood,26,Female,167
2009,Daron,Asher,94,Male,195
2010,Clarissa,Phillips,64,Female,158
2011,Russel,Robinson,21,Male,189
2012,Daron,Jefferson,23,Male,159
2013,Bart,Potts,63,Male,168
2014,Josh,Redfern,71,Male,132
2015,Juliet,Rossi,23,Female,196
2016,Cedrick,Allcott,49,Male,170
2017,Jade,Bradshaw,98,Female,165
2018,Alan,Becker,59,Male,192
2019,Martin,Verdon,21,Male,133
2020,Logan,Martin,58,Female,152
2021,Boris,Abbot,96,Male,132
2022,Makenzie,Faulkner,29,Female,189
2023,Rita,Price,80,Female,131
2024,Kieth,Hammond,72,Male,188
2025,Percy,Lindop,46,Male,154
2026,Amelia,Turner,19,Female,169
2027,Carla,Phillips,37,Female,155
2028,Jackeline,Lewis,26,Female,158
2029,Johnny,Alexander,23,Male,171
2030,Kaylee,Ramsey,99,Female,185
2031,Michael,Maxwell,56,Male,130
2032,Stella,Gray,9,Female,158
2033,Nate,James,12,Male,140
2034,Chanelle,Glass,96,Female,130
2035,Elijah,Griffiths,75,Male,143
2036,Ron,Fenton,56,Male,134
2037,Aiden,Rust,16,Male,135
2038,Chad,Bennett,39,Male,167
2039,Denis,Egerton,58,Male,155
2040,Danny,Russell,73,Male,176
2041,Mike,Roscoe,24,Male,160
2042,Ethan,Stewart,38,Male,143
2043,Ilona,Bennett,98,Female,165
2044,Alessandra,Benfield,17,Female,157
2045,Nicholas,Tate,29,Male,196
2046,Eduardo,Robinson,41,Male,192
2047,Violet,Coates,77,Female,150
2048,Michaela,Carter,68,Female,172
2049,Boris,Hall,15,Male,175
2050,Brad,Porter,39,Male,189
2051,Benny,Judd,74,Male,162
2052,Raquel,Kelly,19,Female,134
2053,Tyler,Baldwin,48,Male,175
2054,Cynthia,Lane,82,Female,134
2055,Nina,Quinnell,93,Female,161
2056,Janelle,Pickard,47,Female,197
2057,Carl,Walsh,96,Male,177
2058,Vanessa,Corbett,74,Female,189
2059,Aiden,Taylor,63,Male,140
2060,Elijah,Sylvester,35,Male,164
2061,Cadence,Richardson,51,Female,173
2062,Kurt,Hunt,79,Male,138
2063,Wendy,Chapman,26,Female,176
2064,Russel,Norburn,25,Male,196
2065,Zoe,Fleming,89,Female,167
2066,Rick,Norton,55,Male,154
2067,Elijah,Baldwin,52,Male,133
2068,Sage,Cassidy,91,Female,157
2069,Shelby,Nicolas,9,Female,136
2070,Elisabeth,Lane,41,Female,162
2071,Elena,Henderson,80,Female,192
2072,Elena,Zaoui,33,Female,195
2073,Chris,Riley,51,Male,192
2074,Jacqueline,Pierce,29,Female,178
2075,Rosemary,Skinner,52,Female,150
2076,Ronald,Ralph,34,Male,168
2077,Joseph,Welsch,15,Male,186
2078,Fiona,Walker,20,Female,189
2079,Ruby,Bradley,79,Female,165
2080,Abdul,Potter,66,Male,146
2081,Makenzie,Olson,23,Female,188
2082,Owen,Chester,26,Male,193
2083,Cedrick,Varndell,32,Male,139
2084,Nicholas,Swift,46,Male,135
2085,Marina,Cadman,68,Female,179
2086,Barney,Overson,44,Male,151
2087,Abdul,Stanley,17,Male,161
2088,Lucy,Benfield,71,Female,165
2089,Cecilia,Connell,66,Female,130
2090,Valerie,Holmes,54,Female,177
2091,Cecilia,Collingwood,34,Female,176
2092,Michaela,Richards,87,Female,167
2093,Phillip,Emmett,74,Male,131
2094,Ronald,Wilton,17,Male,185
2095,Leah,Ianson,45,Female,148
2096,Fred,Palmer,96,Male,148
2097,Eden,Notman,14,Female,175
2098,Elise,Michael,95,Female,145
2099,Bryon,Sherry,89,Male,163
2100,Percy,Neville,94,Male,148
2101,Gil,Norburn,23,Male,152
2102,Caleb,Whitmore,71,Male,130
2103,John,Fox,77,Male,189
2104,Jayden,Mitchell,8,Male,130
2105,Erica,Pearson,81,Female,183
2106,Abdul,Moreno,48,Male,140
2107,Piper,Cooper,76,Female,173
2108,Nathan,Quinn,65,Male,191
2109,Jacqueline,Gregory,94,Female,183
2110,Lana,Maxwell,55,Female,196
2111,Chad,Lambert,99,Male,147
2112,Candace,Stanley,66,Female,138
2113,Ramon,Roman,41,Male,197
2114,Liv,Morris,70,Female,140
2115,Caleb,Simpson,76,Male,143
2116,Harry,Judd,13,Male,147
2117,Chad,Redwood,14,Male,179
2118,Makenzie,Douglas,96,Female,146
2119,Marina,Chapman,78,Female,167
2120,Maddison,Russel,72,Female,178
2121,Raquel,Weldon,49,Female,133
2122,Remy,Owen,38,Female,137
2123,Rick,Kerr,28,Male,133
2124,Julian,Hammond,36,Male,147
2125,Marla,Moran,85,Female,191
2126,Bernadette,Vass,50,Female,156
2127,Samara,Lambert,86,Female,152
2128,Paula,Curtis,78,Female,144
2129,Erick,Lewin,34,Male,170
2130,Nathan,Butler,48,Male,168
2131,Daniel,Warden,18,Male,164
2132,Jennifer,Victor,52,Female,175
2133,Lucas,Malone,17,Male,180
2134,Kaylee,Vallory,58,Female,146
2135,Martin,Chapman,58,Male,199
2136,Benny,Matthews,34,Male,150
2137,Carissa,Hobbs,84,Female,173
2138,Shay,Higgs,8,Female,133
2139,Javier,Quinn,50,Male,172
2140,Boris,Collingwood,54,Male,184
2141,Luke,Fall,30,Male,174
2142,Daniel,Waterhouse,29,Male,196
2143,David,Warden,15,Male,199
2144,Wade,Nash,61,Male,132
2145,Mandy,Cox,11,Female,188
2146,Leilani,Brooks,68,Female,156
2147,Mya,Douglas,96,Female,141
2148,Rosa,Collins,41,Female,158
2149,Abdul,Morris,75,Male,176
2150,John,Uddin,18,Male,168
2151,Chuck,Edmonds,8,Male,161
2152,Martin,Johnson,41,Male,189
2153,Julius,Brooks,43,Male,176
2154,Janice,Abbey,67,Female,178
2155,Elly,Johnson,59,Female,178
2156,Melody,Bryson,40,Female,131
2157,Dorothy,Redwood,24,Female,167
2158,Aiden,Truscott,36,Male,142
2159,Alexander,Grey,32,Male,148
2160,Eduardo,Veale,79,Male,189
2161,Javier,Goldsmith,49,Male,146
2162,Sydney,Dyson,26,Female,141
2163,Barry,Burnley,10,Male,177
2164,Freya,Mason,10,Female,171
2165,Hank,Lewin,89,Male,161
2166,Candice,Lane,36,Female,162
2167,Sienna,Price,92,Female,191
2168,Lexi,Rainford,76,Female,164
2169,Davina,Pearce,18,Female,198
2170,Barry,Verdon,63,Male,180
2171,Harriet,Ranks,86,Female,183
2172,Maxwell,Coates,27,Male,170
2173,Teagan,Kennedy,36,Female,191
2174,Andie,Hammond,22,Female,158
2175,Carissa,Trent,91,Female,180
2176,Sofia,Allen,86,Female,186
2177,Payton,Hale,42,Female,169
2178,Nina,Wright,97,Female,174
2179,Florence,Hewitt,24,Female,174
2180,Tyson,Allen,97,Male,189
2181,Sylvia,Pearce,59,Female,196
2182,Sebastian,Porter,93,Male,139
2183,Henry,Bryant,86,Male,193
2184,Candice,Gilmour,10,Female,150
2185,Megan,Saunders,53,Female,194
2186,Clint,Mccall,46,Male,136
2187,Evelynn,Russell,37,Female,184
2188,Dani,Marshall,93,Female,135
2189,Chad,Woodcock,62,Male,132
2190,Gil,Vallory,31,Male,168
2191,Melania,Phillips,39,Female,150
2192,Hank,Clark,52,Male,149
2193,Harvey,Martin,38,Male,155
2194,Boris,Jackson,53,Male,137
2195,Mayleen,Sylvester,9,Female,145
2196,Joseph,Kennedy,11,Male,171
2197,William,Stewart,30,Male,156
2198,Madelyn,Baker,26,Female,131
2199,Makena,Hill,39,Female,142
2200,Liam,King,60,Male,194
2201,Valentina,Freeburn,61,Female,135
2202,Jayden,Rose,80,Male,173
2203,Emely,Doherty,34,Female,190
2204,Alan,Richards,68,Male,147
2205,William,Parr,61,Male,134
2206,Clint,Seymour,78,Male,184
2207,Johnathan,Reading,56,Male,199
2208,Hayden,Miller,80,Male,130
2209,Trisha,Lewin,67,Female,176
2210,Doug,Notman,32,Male,134
2211,Melania,Campbell,82,Female,181
2212,Bethany,Faulkner,17,Female,166
2213,Chuck,Cameron,48,Male,164
2214,Matt,Judd,30,Male,168
2215,Jack,Hogg,51,Male,176
2216,Oliver,Dixon,45,Male,181
2217,Bryon,Lynch,48,Male,182
2218,Hank,Butler,20,Male,136
2219,Deborah,Allcott,28,Female,182
2220,Willow,Funnell,60,Female,148
2221,Marie,Collins,27,Female,186
2222,Chuck,Whittle,82,Male,142
2223,Margaret,Weldon,64,Female,137
2224,Quinn,Varndell,39,Female,145
2225,Denis,Bright,23,Male,136
2226,Mark,Santos,89,Male,151
2227,Celia,Nobbs,42,Female,150
2228,Daron,Osmond,34,Male,167
2229,Rhea,Patel,58,Female,139
2230,Tom,Weston,45,Male,143
2231,Jack,Hudson,25,Male,149
2232,Chad,Whitehouse,44,Male,143
2233,Julia,Warden,88,Female,133
2234,Carter,Wilkinson,89,Male,175
2235,Meredith,Campbell,80,Female,144
2236,Mayleen,Cartwright,95,Female,136
2237,Rick,Robinson,26,Male,161
2238,Carla,Norton,34,Female,143
2239,Analise,Andrews,63,Female,136
2240,Camila,Talbot,64,Female,143
2241,Juliette,Atkinson,34,Female,185
2242,Marie,Jacobs,67,Female,194
2243,Luna,Sheldon,55,Female,161
2244,Johnny,Emmett,91,Male,169
2245,Robyn,Gates,83,Female,164
2246,Mona,Quinnell,43,Female,169
2247,Abdul,Preston,80,Male,170
2248,Matthew,Martin,53,Male,138
2249,Julian,Wilde,87,Male,148
2250,John,Allington,16,Male,178
2251,Elise,Nanton,55,Female,158
2252,Barney,Freeburn,37,Male,134
2253,Parker,Edwards,41,Female,174
2254,Emery,Jefferson,92,Female,199
2255,Noah,Needham,79,Male,182
2256,Isla,Blackburn,28,Female,166
2257,Marla,Lane,98,Female,132
2258,Josh,Mitchell,63,Male,148
2259,Leslie,Pearce,48,Female,142
2260,Denis,Rowe,35,Male,197
2261,David,Bishop,77,Male,132
2262,Daron,Edler,81,Male,133
2263,Valerie,Harrison,88,Female,181
2264,Peyton,Speed,65,Female,147
2265,Tyler,Forester,17,Male,143
2266,Kieth,Williams,92,Male,165
2267,Holly,Russell,95,Female,131
2268,Lucy,Allwood,53,Female,180
2269,Daniel,Buckley,19,Male,162
2270,Cedrick,Edler,73,Male,184
2271,Georgia,Kerr,13,Female,135
2272,Judith,Kennedy,25,Female,161
2273,Bart,Gordon,58,Male,180
2274,Fred,Judd,12,Male,166
2275,Kaylee,Stevens,55,Female,169
2276,Sabina,Lewis,34,Female,139
2277,Greta,Nielson,76,Female,188
2278,Mark,Harrington,15,Male,148
2279,Denis,Palmer,56,Male,188
2280,Wade,Michael,39,Male,171
2281,Benny,Plumb,24,Male,159
2282,Eryn,Wheeler,34,Female,176
2283,Julius,Smith,56,Male,152
2284,Ryan,Gregory,47,Male,177
2285,Mya,Price,49,Female,161
2286,Harvey,Marshall,44,Male,189
2287,Erick,Shepherd,71,Male,135
2288,Joseph,Allcott,64,Male,171
2289,Hayden,Redwood,77,Male,188
2290,Cassandra,Kirby,65,Female,144
2291,Danny,Palmer,91,Male,170
2292,Bryon,Henderson,48,Male,148
2293,Fred,Lewin,8,Male,179
2294,Phillip,Ward,52,Male,131
2295,Janice,Eyres,73,Female,157
2296,Noah,Rowan,23,Male,145
2297,Kieth,Oswald,89,Male,163
2298,David,Addis,90,Male,144
2299,Emely,Long,42,Female,147
2300,Candace,Clark,51,Female,193
2301,Luke,Weatcroft,94,Male,136
2302,Enoch,Ashley,48,Male,166
2303,Penny,Ralph,49,Female,185
2304,Christine,Mccormick,69,Female,156
2305,Tania,Payne,68,Female,163
2306,Aeris,Richards,66,Female,135
2307,Johnny,Shields,78,Male,132
2308,Jules,Price,91,Female,133
2309,Rosa,Funnell,99,Female,145
2310,Gabriel,Thomas,14,Male,150
2311,Carina,Hilton,90,Female,152
2312,Michael,Rainford,15,Male,191
2313,Eryn,Gibbons,51,Female,186
2314,Andie,Mason,49,Female,134
2315,Luke,Dubois,23,Male,142
2316,Anthony,Morley,20,Male,188
2317,Nicole,Vernon,78,Female,176
2318,Rosalee,Woodley,78,Female,196
2319,Jade,Harrison,15,Female,196
2320,Marvin,Rodwell,84,Male,172
2321,Priscilla,Richardson,97,Female,162
2322,Alan,Watson,10,Male,192
2323,Bob,Wright,56,Male,170
2324,Makenzie,Ellis,85,Female,151
2325,Carl,Driscoll,43,Male,132
2326,Daron,Radcliffe,17,Male,184
2327,Tom,Carter,94,Male,157
2328,Anais,Stanton,35,Female,146
2329,Madelyn,Hancock,57,Female,131
2330,Kamila,Varndell,8,Female,182
2331,Marilyn,Patel,23,Female,132
2332,Ramon,Bolton,53,Male,171
2333,Danny,Whatson,44,Male,163
2334,Cynthia,Tailor,95,Female,162
2335,Abbey,Herbert,85,Female,167
2336,Jennifer,Bishop,41,Female,134
2337,Ruth,Grant,59,Female,130
2338,Laila,Gibson,9,Female,163
2339,Luke,Bradley,70,Male,151
2340,Dalia,Bradshaw,76,Female,140
2341,Ethan,Stewart,78,Male,188
2342,Charlotte,Watson,79,Female,166
2343,Rylee,Bentley,20,Female,166
2344,Faith,Flack,68,Female,191
2345,Carter,Vaughn,68,Male,153
2346,Hope,Thomson,86,Female,137
2347,Ethan,Plumb,59,Male,198
2348,Lucas,Goldsmith,14,Male,139
2349,Chris,Talbot,93,Male,151
2350,Maia,Lomax,81,Female,196
2351,Ellen,Vince,73,Female,183
2352,Benjamin,Palmer,35,Male,188
2353,Emely,Quinton,18,Female,147
2354,Isabella,Maxwell,90,Female,149
2355,Georgia,Stewart,56,Female,159
2356,Caleb,Janes,41,Male,158
2357,Winnie,Parr,48,Female,170
2358,Oliver,Trent,52,Male,142
2359,Tom,Bennett,31,Male,196
2360,Cedrick,Boden,14,Male,163
2361,Cara,Harper,15,Female,149
2362,Manuel,Davies,67,Male,166
2363,Alan,Gordon,20,Male,140
2364,Bob,Howard,61,Male,190
2365,Johnny,Addley,45,Male,190
2366,Benny,Raven,78,Male,145
2367,Ryan,Hood,43,Male,190
2368,Miriam,Farrell,53,Female,191
2369,Roger,Turner,14,Male,141
2370,Luke,Clayton,96,Male,156
2371,Henry,Notman,89,Male,193
2372,Alan,Ellis,32,Male,177
2373,Dorothy,Butler,18,Female,174
2374,Irene,Lloyd,55,Female,133
2375,Cecilia,Campbell,85,Female,132
2376,Kurt,Hood,54,Male,194
2377,Luna,Yard,58,Female,131
2378,Shay,Graham,96,Female,147
2379,Christine,Newton,31,Female,184
2380,Chadwick,Carter,68,Male,154
2381,Carla,Williams,77,Female,170
2382,Matthew,Knight,64,Male,172
2383,Ema,Mann,13,Female,184
2384,Elisabeth,Swan,85,Female,190
2385,Alba,Snow,18,Female,139
2386,Shannon,Radcliffe,83,Female,153
2387,Ada,Willson,19,Female,134
2388,Matt,Murphy,67,Male,180
2389,Sebastian,Morgan,38,Male,160
2390,Doug,Yang,18,Male,190
2391,Ivy,West,60,Female,162
2392,Phillip,Terry,60,Male,136
2393,Alan,Glass,30,Male,143
2394,Percy,Blackburn,54,Male,196
2395,Nick,Cunningham,47,Male,183
2396,Brooklyn,Vince,41,Female,165
2397,Ellen,Gilbert,97,Female,139
2398,Stacy,Snow,86,Female,135
2399,Erick,Burnley,31,Male,190
2400,Denis,Woods,62,Male,155
2401,Janice,Eyres,39,Female,136
2402,Hank,Ellison,60,Male,152
2403,Alessia,Moss,21,Female,197
2404,Bryon,Sylvester,18,Male,197
2405,Chloe,Vangness,51,Female,194
2406,Daniel,Bradley,84,Male,171
2407,Quinn,Higgs,20,Female,172
2408,Kurt,Glass,40,Male,145
2409,Isabel,Widdows,50,Female,133
2410,Cara,Graves,92,Female,135
2411,John,Andrews,57,Male,187
2412,Javier,Osman,64,Male,173
2413,Logan,Everett,15,Male,149
2414,Lauren,Thornton,9,Female,153
2415,Rick,Gates,57,Male,168
2416,Bryon,Rust,55,Male,188
2417,Valentina,Thorpe,31,Female,136
2418,Robyn,Pearce,37,Female,150
2419,Oliver,Snell,95,Male,165
2420,Alex,Farrell,15,Female,190
2421,Hank,Harris,26,Male,168
2422,Felicity,Squire,43,Female,160
2423,Selena,Uttley,31,Female,183
2424,Mason,Nelson,76,Male,168
2425,Taylor,Phillips,56,Female,162
2426,Livia,Payne,48,Female,161
2427,Quinn,Rigg,99,Female,148
2428,Jack,Vernon,27,Male,155
2429,Nick,Coates,71,Male,192
2430,Estrella,Gaynor,49,Female,189
2431,Rhea,Quinton,83,Female,184
2432,Jacqueline,Swift,67,Female,148
2433,Bryce,Miller,31,Female,149
2434,Julius,Lynn,95,Male,153
2435,Carol,Locke,64,Female,160
2436,Anabelle,Alcroft,95,Female,174
2437,Macy,Tate,94,Female,161
2438,Sydney,Cattell,8,Female,165
2439,David,Cann,26,Male,173
2440,Jayden,Wilkinson,72,Male,154
2441,Carmen,Yang,76,Female,166
2442,Matt,Utterson,36,Male,169
2443,Karen,Goodman,97,Female,155
2444,Hank,Shea,36,Male,198
2445,Enoch,Pickard,39,Male,163
2446,Rufus,Hopkins,14,Male,196
2447,Alessia,Gregory,78,Female,179
2448,Owen,Latham,74,Male,179
2449,Russel,Malone,62,Male,161
2450,Margaret,Adler,52,Female,192
2451,Cassandra,Patel,57,Female,166
2452,Stephanie,Camden,50,Female,151
2453,Jayden,Osmond,30,Male,131
2454,Tyson,Richards,38,Male,135
2455,Barney,Hunt,17,Male,154
2456,Cassidy,Reid,25,Female,181
2457,Anthony,Taylor,57,Male,170
2458,Joseph,Osmond,28,Male,156
2459,Marvin,Moore,66,Male,141
2460,Javier,Sloan,45,Male,167
2461,Karen,Drake,60,Female,162
2462,Barney,Jacobs,75,Male,191
2463,Chadwick,Vane,86,Male,156
2464,Matthew,Healy,51,Male,167
2465,Caitlyn,Strong,72,Female,137
2466,Skylar,Lindop,52,Female,186
2467,Rebecca,Rogers,9,Female,145
2468,Wade,Herbert,94,Male,145
2469,Oliver,Uttridge,48,Male,188
2470,Elijah,Stewart,59,Male,165
2471,Matthew,Jones,91,Male,144
2472,Evie,Gordon,91,Female,152
2473,Rosie,Morrison,60,Female,193
2474,Oliver,Bennett,74,Male,138
2475,Juliette,Bennett,58,Female,176
2476,Carter,Nicholls,14,Male,132
2477,Rosalyn,Wood,93,Female,138
2478,Michael,Ventura,34,Male,145
2479,Ethan,Forth,86,Male,160
2480,Morgan,Whitehouse,29,Female,155
2481,Anthony,Whitmore,84,Male,162
2482,Samantha,Price,93,Female,175
2483,Chris,Ralph,89,Male,179
2484,Elijah,Allwood,80,Male,169
2485,Hank,Forester,77,Male,179
2486,Benjamin,Richardson,11,Male,164
2487,Hannah,Button,78,Female,194
2488,Eduardo,Ebbs,49,Male,176
2489,Oliver,Gallacher,79,Male,144
2490,Domenic,Vinton,26,Male,176
2491,Jacob,Johnson,42,Male,136
2492,Rosalyn,Alexander,70,Female,138
2493,Tony,Hardwick,90,Male,182
2494,Rita,Thomson,16,Female,198
2495,Enoch,Cattell,85,Male,153
2496,Kenzie,James,8,Female,184
2497,Abdul,Radley,43,Male,192
2498,Logan,Latham,70,Male,143
2499,Owen,Alexander,56,Male,141
2500,Naomi,Reyes,23,Female,172
2501,Angelina,Roth,45,Female,156
2502,Matt,Milner,33,Male,192
2503,Fred,Vangness,95,Male,193
2504,Barry,Wade,17,Male,189
2505,Adelaide,Quinton,49,Female,163
2506,Rick,Emmott,95,Male,138
2507,Clint,Robertson,71,Male,181
2508,Josh,Khan,86,Male,157
2509,Isabella,Tate,98,Female,148
2510,Johnathan,Mcguire,18,Male,183
2511,Bart,Coll,61,Male,164
2512,Alan,Lyon,20,Male,175
2513,Rebecca,Pickard,34,Female,185
2514,Boris,Wheeler,68,Male,151
2515,Noah,Stewart,10,Male,192
2516,Sienna,Knight,41,Female,139
2517,Angelica,Owen,12,Female,136
2518,Enoch,Thatcher,78,Male,133
2519,Mark,Eddison,32,Male,135
2520,Julius,Payne,57,Male,164
2521,Christy,Vollans,30,Female,145
2522,Luke,Rose,90,Male,159
2523,Harmony,Edwards,32,Female,183
2524,Darlene,Shields,36,Female,135
2525,Mike,Grant,66,Male,175
2526,Freya,Rodgers,8,Female,176
2527,Agnes,Bayliss,65,Female,186
2528,Bryon,Douglas,35,Male,168
2529,Tony,Redfern,76,Male,145
2530,Clarissa,Whinter,81,Female,151
2531,Ciara,Bradshaw,28,Female,132
2532,Adela,Vince,83,Female,155
2533,Alexander,Gaynor,89,Male,162
2534,Kimberly,Shaw,50,Female,187
2535,Leslie,Blackburn,82,Female,136
2536,Luke,Tait,44,Male,165
2537,Greta,Mcguire,86,Female,177
2538,Abdul,Spencer,93,Male,146
2539,Daniel,Cork,37,Male,144
2540,Joseph,Pope,65,Male,156
2541,Christy,Allington,31,Female,174
2542,Mason,Hammond,96,Male,143
2543,Jaylene,Brock,20,Female,149
2544,Ivette,Eagle,11,Female,151
2545,Diane,Baxter,75,Female,175
2546,Julian,Kirby,71,Male,152
2547,Tom,Abbot,49,Male,130
2548,Bryce,Gavin,53,Female,151
2549,Denny,Young,98,Male,159
2550,Anne,Thomson,79,Female,156
2551,Chanelle,Oakley,78,Female,186
2552,Fred,Booth,65,Male,151
2553,Jayden,Morris,26,Male,149
2554,Noah,Jeffery,52,Male,168
2555,Zara,Booth,68,Female,156
2556,Rocco,Coleman,49,Male,186
2557,Regina,Mcguire,59,Female,144
2558,Martin,Harper,26,Male,172
2559,Ellen,Owen,31,Female,196
2560,Erin,Plant,26,Female,162
2561,Isabel,Patel,85,Female,179
2562,Angela,Newman,19,Female,142
2563,Chadwick,Lomax,46,Male,188
2564,Nancy,Vane,29,Female,167
2565,Michael,Asher,20,Male,149
2566,Regina,Mcleod,63,Female,196
2567,Elisabeth,Potts,18,Female,167
2568,Chadwick,Yarlett,37,Male,163
2569,Noemi,Emmett,44,Female,176
2570,Madison,Walsh,69,Female,149
2571,Rhea,Wigley,43,Female,192
2572,Oliver,Fowler,60,Male,141
2573,Rick,Asher,23,Male,186
2574,Renee,Young,53,Female,155
2575,Hank,Norton,78,Male,188
2576,Erin,Nanton,56,Female,193
2577,George,Kidd,21,Male,160
2578,Liam,Archer,80,Male,189
2579,Ryan,Allcott,51,Male,157
2580,Maia,Ashley,94,Female,156
2581,Ellen,Stone,94,Female,133
2582,Aiden,Farrant,14,Male,181
2583,Freya,Simpson,13,Female,188
2584,Bob,Allwood,74,Male,149
2585,Maxwell,Poulton,90,Male,139
2586,Emery,Roberts,48,Female,172
2587,Abdul,Williams,88,Male,190
2588,Benjamin,Turner,74,Male,186
2589,Winnie,Dillon,58,Female,166
2590,Willow,Simpson,52,Female,178
2591,Eileen,Dixon,16,Female,173
2592,George,Leigh,42,Male,131
2593,Angelica,Gardner,95,Female,161
2594,Phillip,Vernon,42,Male,132
2595,Ramon,Clark,97,Male,146
2596,Elijah,Pitt,33,Male,196
2597,Caleb,Kirby,10,Male,195
2598,Sabrina,Yoman,47,Female,197
2599,Oliver,Gordon,48,Male,193
2600,Aiden,Woodcock,73,Male,168
2601,John,Spencer,35,Male,142
2602,Madelyn,Marshall,69,Female,169
2603,Oliver,Miller,80,Male,161
2604,Mackenzie,Clarke,85,Female,149
2605,Harmony,Vince,36,Female,165
2606,Luke,Dwyer,57,Male,144
2607,Elle,Stewart,22,Female,137
2608,Fiona,Lucas,93,Female,147
2609,Elijah,Wood,10,Male,141
2610,Thea,Moss,44,Female,159
2611,Evie,Nanton,11,Female,158
2612,Belinda,Woodley,96,Female,138
2613,Bob,Lee,24,Male,188
2614,Harriet,Lowe,16,Female,135
2615,Jack,Woodley,95,Male,144
2616,Hayden,Gordon,93,Male,136
2617,Nathan,Rodgers,42,Male,147
2618,Abdul,Groves,34,Male,162
2619,Henry,Andrews,43,Male,182
2620,Matthew,Strong,26,Male,183
2621,Rufus,Khan,26,Male,176
2622,Javier,Mullins,57,Male,132
2623,Lucy,Henderson,93,Female,186
2624,Rocco,King,94,Male,144
2625,Chloe,Howard,68,Female,170
2626,Rick,Zaoui,32,Male,198
2627,Ilona,Casey,9,Female,183
2628,Thea,Clifton,57,Female,183
2629,Nicholas,Payne,19,Male,137
2630,Valentina,Lloyd,38,Female,154
2631,Bart,Griffiths,66,Male,181
2632,Jacqueline,Moran,40,Female,171
2633,Nathan,Nayler,76,Male,160
2634,David,Yarlett,26,Male,156
2635,Estrella,Tyler,40,Female,150
2636,Jacob,Bloom,50,Male,167
2637,Rick,Neal,97,Male,133
2638,Gil,Corbett,92,Male,159
2639,Clint,Brown,66,Male,161
2640,Chris,Pond,17,Male,153
2641,Wade,Norburn,50,Male,188
2642,Michael,Brett,72,Male,134
2643,Erica,Jordan,98,Female,142
2644,Rylee,Preston,44,Female,164
2645,Rosemary,Eaton,66,Female,189
2646,Ethan,Mccall,32,Male,181
2647,Bob,Hunter,32,Male,169
2648,Abbey,Watson,37,Female,153
2649,Johnny,Coates,65,Male,158
2650,Bob,Roscoe,11,Male,143
2651,Hayden,Ashwell,25,Male,150
2652,Benny,Zaoui,45,Male,176
2653,Ronald,Wallace,40,Male,152
2654,Logan,Thompson,25,Male,187
2655,Cecilia,Keys,67,Female,166
2656,Chris,Parker,46,Male,168
2657,Natalie,Moss,77,Female,146
2658,Mabel,Wild,64,Female,187
2659,Henry,Moreno,45,Male,197
2660,Percy,Butler,60,Male,189
2661,Chadwick,Maxwell,94,Male,198
2662,Sofie,Bell,25,Female,189
2663,Cadence,Ainsworth,28,Female,160
2664,Anthony,Quinton,55,Male,183
2665,Harry,Hood,9,Male,188
2666,Teagan,Robinson,41,Female,196
2667,Iris,Vaughan,89,Female,195
2668,Audrey,Vincent,69,Female,193
2669,Rufus,Rigg,17,Male,176
2670,Tyson,Martin,96,Male,186
2671,Phillip,Clarkson,27,Male,169
2672,Matthew,Thomas,36,Male,156
2673,Roger,Jacobs,18,Male,165
2674,Nate,Smith,99,Male,143
2675,Daniel,Dann,90,Male,156
2676,Renee,Cooper,70,Female,150
2677,Ryan,Clarke,39,Male,168
2678,Nathan,Casey,46,Male,166
2679,Isla,Knight,89,Female,171
2680,Charlotte,Morley,31,Female,148
2681,Nathan,Lowe,53,Male,140
2682,Rosemary,Emmott,74,Female,141
2683,Caleb,Ward,76,Male,194
2684,Benjamin,Osman,52,Male,191
2685,Julius,Stuart,46,Male,179
2686,Sonya,Woodley,10,Female,199
2687,Kassandra,Wellington,68,Female,192
2688,Brooklyn,Hewitt,56,Female,169
2689,Enoch,Herbert,45,Male,167
2690,Rhea,Fall,35,Female,133
2691,Greta,Corbett,61,Female,157
2692,Laila,Bowen,96,Female,160
2693,Sara,Bailey,86,Female,152
2694,Marilyn,Leslie,90,Female,156
2695,Luna,Jarvis,87,Female,179
2696,Rhea,Maxwell,62,Female,136
2697,Caitlyn,Truscott,69,Female,163
2698,Marla,Drew,71,Female,140
2699,Marla,Abbot,84,Female,175
2700,Stephanie,Hepburn,74,Female,146
2701,Vicky,Stewart,12,Female,150
2702,Cynthia,Kennedy,52,Female,171
2703,Leah,Evans,56,Female,139
2704,Kirsten,Andrews,27,Female,188
2705,Gabriel,Mason,15,Male,144
2706,Henry,Matthews,93,Male,191
2707,Enoch,Pearson,19,Male,161
2708,Audrey,Fenton,29,Female,153
2709,Michelle,Knight,10,Female,139
2710,Rocco,Simpson,85,Male,135
2711,Margaret,Carpenter,56,Female,199
2712,Fiona,King,55,Female,151
2713,Paula,Mann,96,Female,160
2714,Adina,Wheeler,31,Female,134
2715,Candice,Edwards,55,Female,187
2716,Nancy,Bradley,52,Female,153
2717,Josh,Walker,64,Male,160
2718,Mandy,Larkin,43,Female,193
2719,Hayden,Utterson,58,Male,168
2720,Hope,Tyler,13,Female,173
2721,Jack,Owens,71,Male,184
2722,Gloria,Sanchez,60,Female,194
2723,Adina,Keys,93,Female,135
2724,Tony,Ebbs,47,Male,146
2725,Erin,Janes,12,Female,198
2726,Brad,Kerr,37,Male,189
2727,Elena,Alldridge,8,Female,155
2728,Owen,Farrant,17,Male,198
2729,Mike,Upton,75,Male,191
2730,Megan,Armstrong,90,Female,148
2731,Ron,Talbot,48,Male,155
2732,Alexia,Phillips,53,Female,149
2733,Jayden,Rixon,17,Male,175
2734,Johnathan,Rothwell,42,Male,198
2735,Hayden,Vaughan,99,Female,179
2736,Lucas,Little,86,Male,199
2737,Bart,Ross,88,Male,190
2738,Danny,Hepburn,77,Male,164
2739,Bart,Clarke,54,Male,144
2740,Angelique,Sloan,38,Female,148
2741,Makenzie,Utterson,98,Female,145
2742,Cecilia,Rose,52,Female,192
2743,Tony,Griffiths,48,Male,139
2744,Crystal,Chadwick,99,Female,138
2745,Crystal,Freeburn,11,Female,167
2746,Danny,Abbey,39,Male,199
2747,Nicholas,Camden,93,Male,175
2748,Jade,Mcgee,44,Female,182
2749,Bob,Wilkinson,71,Male,149
2750,Bree,Rixon,90,Female,171
2751,Rosalee,Tennant,23,Female,154
2752,Carina,Allen,67,Female,184
2753,Piper,Woodcock,41,Female,176
2754,Payton,Alexander,77,Female,154
2755,Peter,Watson,34,Male,138
2756,Tom,Dixon,38,Male,180
2757,Benjamin,Irving,65,Male,182
2758,Daniel,Dobson,24,Male,171
2759,Maria,Barclay,82,Female,168
2760,Anthony,Freeburn,89,Male,189
2761,Deborah,Rossi,9,Female,175
2762,Vicky,Shields,78,Female,170
2763,Clint,Bishop,99,Male,169
2764,Lucas,Vallins,63,Male,146
2765,Danny,Shaw,26,Male,148
2766,Bob,Nurton,78,Male,130
2767,Blake,Dubois,34,Female,170
2768,William,Morris,17,Male,147
2769,Manuel,Tyler,95,Male,142
2770,Michael,Rosenbloom,42,Male,159
2771,Susan,Hill,47,Female,158
2772,Katelyn,Vaughn,95,Female,167
2773,Percy,Page ,46,Male,161
2774,Penny,Tait,93,Female,174
2775,Jessica,Richardson,86,Female,194
2776,Mike,Yarlett,41,Male,151
2777,Claire,Osmond,56,Female,164
2778,Martin,Jacobs,34,Male,156
2779,Jack,Tanner,18,Male,146
2780,Kaylee,Everett,79,Female,150
2781,Ron,Thornton,19,Male,134
2782,Faith,Cattell,95,Female,144
2783,Mavis,Larkin,50,Female,198
2784,Javier,Steer,70,Male,163
2785,Dalia,Notman,81,Female,149
2786,Domenic,Moreno,24,Male,192
2787,Roger,Rodwell,95,Male,181
2788,Elle,Norman,66,Female,150
2789,Kate,Samuel,30,Female,186
2790,Carmella,Davies,88,Female,142
2791,Johnathan,Summers,9,Male,188
2792,Kurt,Mason,89,Male,174
2793,Carmella,Knott,41,Female,196
2794,Jack,Larsen,45,Male,191
2795,Denis,Crawley,72,Male,165
2796,Leroy,Yarlett,94,Male,136
2797,Gil,Alldridge,40,Male,154
2798,Ryan,Shields,24,Male,164
2799,Alexander,Mcguire,81,Male,173
2800,Eduardo,Stone ,68,Male,130
2801,Liv,May,15,Female,134
2802,Daniel,Hewitt,34,Male,167
2803,Helen,Ingham,86,Female,184
2804,Jayden,Thomas,77,Male,140
2805,Nate,Burnley,46,Male,176
2806,Michael,Malone,17,Male,195
2807,Adina,Sloan,65,Female,163
2808,Marvin,Wright,56,Male,175
2809,Rachael,Kelly,61,Female,147
2810,Paula,Reese,68,Female,157
2811,Alexia,Shea,44,Female,172
2812,Sara,Swift,60,Female,135
2813,Benny,Oliver,97,Male,139
2814,Daniel,Penn,10,Male,187
2815,Javier,Nicolas,32,Male,193
2816,Hannah,Vallins,47,Female,157
2817,William,Rossi,14,Male,146
2818,Jazmin,Locke,22,Female,193
2819,Rosie,Freeburn,63,Female,180
2820,Melody,Reyes,19,Female,156
2821,Angelina,Miller,32,Female,159
2822,Evie,White,38,Female,150
2823,Jasmine,Ashwell,21,Female,182
2824,Jayden,Butler,23,Male,197
2825,Cameron,Mooney,33,Female,190
2826,Lorraine,Niles,29,Female,184
2827,Elijah,Shaw,44,Male,138
2828,Bristol,Robertson,28,Female,185
2829,Liam,Tyler,20,Male,176
2830,Paige,Wade,26,Female,183
2831,Kurt,Campbell,52,Male,133
2832,Adalind,Hobson,65,Female,154
2833,Liliana,Goldsmith,46,Female,166
2834,Ethan,Buckley,91,Male,167
2835,Chadwick,Whittle,46,Male,141
2836,Hayden,Russel,45,Male,149
2837,Gloria,Ashley,15,Female,183
2838,Johnathan,Clark,50,Male,165
2839,Tyson,Evans,54,Male,178
2840,Elly,Lambert,59,Female,163
2841,Kurt,Holmes,70,Male,144
2842,Cara,Tait,92,Female,165
2843,Joseph,Varndell,78,Male,147
2844,Ryan,Baxter,79,Male,197
2845,Lexi,Young,67,Female,189
2846,Sadie,Wellington,91,Female,144
2847,Jessica,Gordon,61,Female,158
2848,Bob,Hastings,33,Male,172
2849,Nick,Cavanagh,62,Male,190
2850,Priscilla,Thatcher,94,Female,174
2851,Melody,Mcgee,16,Female,195
2852,Megan,Hogg,96,Female,179
2853,Chester,King,43,Male,158
2854,Carl,Rose,90,Male,179
2855,Ema,Griffiths,80,Female,153
2856,Carter,Mackenzie,25,Male,135
2857,Nick,Richardson,16,Male,138
2858,George,Garner,21,Male,176
2859,Sloane,Stewart,47,Female,141
2860,Logan,Reynolds,32,Female,174
2861,Gina,Baker,17,Female,199
2862,Alan,Blackburn,11,Male,182
2863,Juliet,Rose,76,Female,169
2864,Felicity,Shields,98,Female,194
2865,Brooklyn,Wooldridge,82,Female,134
2866,Marilyn,Avery,46,Female,154
2867,Gina,Wilkinson,60,Female,194
2868,Chanelle,Tobin,9,Female,139
2869,Ronald,Gregory,71,Male,148
2870,Daron,Benson,15,Male,177
2871,Candice,Pond,28,Female,185
2872,Tom,Mccall,40,Male,176
2873,Logan,Sanchez,78,Male,155
2874,Benny,Yarwood,80,Male,160
2875,Bridget,Watson,17,Female,164
2876,Gabriel,Summers,33,Male,165
2877,Chester,Knight,58,Male,139
2878,Percy,Gray,46,Male,167
2879,Hank,Rose,67,Male,197
2880,Sasha,Saunders,42,Female,134
2881,Jayden,Reading,59,Male,172
2882,Carmen,Glass,92,Female,161
2883,Bart,Strong,74,Male,145
2884,Renee,Lindsay,55,Female,150
2885,Johnathan,Williams,59,Male,147
2886,Joseph,Daniells,47,Male,153
2887,Joy,Farrow,78,Female,183
2888,Jade,Buckley,31,Female,161
2889,Maddison,James,39,Female,177
2890,Alan,Shelton,25,Male,151
2891,Destiny,Norris,83,Female,192
2892,Marissa,Vangness,63,Female,143
2893,Stacy,Skinner,34,Female,153
2894,Maya,Mann,14,Female,155
2895,Madelyn,Poole,29,Female,169
2896,Allison,Dixon,81,Female,179
2897,Martin,Sawyer,66,Male,154
2898,Jack,Chadwick,41,Male,131
2899,Fred,Furnell,71,Male,147
2900,Ronald,Nurton,52,Male,158
2901,Mark,Grant,71,Male,172
2902,Nicholas,Fisher,60,Male,159
2903,Livia,Clarke,59,Female,136
2904,Bryon,Watt,45,Male,180
2905,Rick,Gates,54,Male,177
2906,Chelsea,Donnelly,56,Female,159
2907,Amelia,Johnson,46,Female,194
2908,Melanie,Curtis,77,Female,152
2909,Felicity,Jordan,94,Female,184
2910,Deborah,Edmonds,34,Female,177
2911,Adalie,Tyrrell,93,Female,197
2912,Violet,Strong,42,Female,153
2913,Brooklyn,Lynn,47,Female,199
2914,Mary,Anderson,74,Female,169
2915,Sofia,Skinner,75,Female,138
2916,Alison,Bullock,51,Female,197
2917,Rowan,Tait,40,Female,160
2918,Makenzie,Jeffery,82,Female,144
2919,Goldie,Power,51,Female,176
2920,Judith,Chapman,40,Female,141
2921,Daphne,Gibson,82,Female,141
2922,Claire,Duvall,49,Female,165
2923,Estrella,Potter,89,Female,130
2924,Anne,Dixon,14,Female,188
2925,Rowan,Redwood,59,Female,131
2926,Esmeralda,Kirby,79,Female,178
2927,Destiny,Wood,51,Female,165
2928,Bethany,Jenkins,59,Female,190
2929,Juliette,Gordon,88,Female,177
2930,Miriam,Neville,59,Female,195
2931,Diane,Becker,13,Female,183
2932,Alessandra,Mcgregor,15,Female,184
2933,Alessia,Leslie,30,Female,162
2934,Erica,Rowlands,35,Female,175
2935,Sharon,Snow,45,Female,132
2936,Elise,Sloan,73,Female,140
2937,Bernadette,West,49,Female,140
2938,Alex,Myatt,74,Female,198
2939,Gwen,Ramsey,38,Female,146
2940,Tess,Simpson,73,Female,140
2941,Janelle,Umney,38,Female,156
2942,Evelynn,Clark,88,Female,188
2943,Gwen,Becker,91,Female,188
2944,Morgan,Knight,31,Female,143
2945,Keira,Williams,63,Female,184
2946,Havana,Pearce,44,Female,139
2947,Gwenyth,Snell,29,Female,189
2948,Drew,Glass,86,Female,183
2949,Louise,Hood,13,Female,181
2950,Anabel,Adams,73,Female,171
2951,Sarah,Tyler,26,Female,177
2952,Erica,Dunbar,29,Female,174
2953,Morgan,Rust,87,Female,195
2954,Jamie,Reynolds,77,Female,192
2955,Natalie,Bowen,83,Female,174
2956,Meredith,Poulton,12,Female,159
2957,Hayden,Ralph,43,Female,193
2958,Vivian,Cattell,31,Female,191
2959,Madelyn,Moore,38,Female,164
2960,Charlotte,Uttridge,92,Female,161
2961,Camellia,Hopkins,66,Female,138
2962,Sofie,Simmons,63,Female,163
2963,Jenna,Preston,30,Female,136
2964,Adina,Rothwell,88,Female,156
2965,Jacqueline,Widdows,70,Female,150
2966,Rita,Ebbs,73,Female,136
2967,Michaela,Hale,23,Female,181
2968,Charlotte,Bowen,57,Female,190
2969,Hadley,Hooper,55,Female,178
2970,Moira,Fields,24,Female,188
2971,Stephanie,Summers,19,Female,180
2972,Ally,Vinton,84,Female,156
2973,Mona,Walton,59,Female,130
2974,Valentina,Mcgee,15,Female,158
2975,Josephine,Slater,79,Female,158
2976,Shay,Harvey,48,Female,131
2977,Dalia,Smith,10,Female,164
2978,Raquel,Rothwell,50,Female,192
2979,Maribel,Turner,40,Female,196
2980,Savannah,Bristow,19,Female,166
2981,Vanessa,Young,87,Female,180
2982,Tania,Wills,83,Female,135
2983,Blake,Norburn,53,Female,154
2984,Thea,Russell,90,Female,198
2985,Paige,Collins,90,Female,192
2986,Aurelia,Wellington,79,Female,151
2987,Jenna,Wright,61,Female,151
2988,Ember,Nayler,60,Female,195
2989,Freya,Scott,37,Female,178
2990,Rosalie,Lewis,56,Female,181
2991,Margaret,Graham,59,Female,148
2992,Nicole,Freeburn,28,Female,182
2993,Amelia,Power,34,Female,193
2994,Alexia,Kennedy,72,Female,145
2995,Ember,Mcguire,95,Female,133
2996,Julianna,Irving,91,Female,150
2997,Mabel,Lloyd,97,Female,178
2998,Rihanna,Tanner,88,Female,164
2999,Vivian,Bradley,44,Female,195
3000,Nina,Eastwood,60,Female,161

